<?xml version='1.0' encoding='UTF-8'?>
<rss xmlns:dc="http://purl.org/dc/elements/1.1/" xmlns:content="http://purl.org/rss/1.0/modules/content/" xmlns:wp="http://wordpress.org/export/1.2/" version="2.0">
  <channel>
    <title>Ggoorr RSS Feed</title>
    <link>https://ggoorr.net/</link>
    <description>RSS feed generated from ggoorr.net</description>
    <lastBuildDate>Sun, 18 May 2025 03:23:39 GMT</lastBuildDate>
    <item>
      <title>[에픽게임즈] 데드 아일랜드 2, 해피게임 / 무료 (~5/23 0시)</title>
      <link>https://ggoorr.net/info/17887465</link>
      <category>모두</category>
      <category>기분</category>
      <dc:creator>슈파슈파</dc:creator>
      <guid isPermaLink="true">https://ggoorr.net/info/17887465</guid>
      <description></description>
      <content:encoded></content:encoded>
    </item>
    <item>
      <title>[에픽게임즈] 터치 타입 테일, 데드타임 디펜더스 / 무료 (5/16 0시)</title>
      <link>https://ggoorr.net/info/17876533</link>
      <category>모두</category>
      <category>기분</category>
      <dc:creator>슈파슈파</dc:creator>
      <guid isPermaLink="true">https://ggoorr.net/info/17876533</guid>
      <description></description>
      <content:encoded></content:encoded>
    </item>
    <item>
      <title>[에픽게임즈] 슈퍼 스페이스 클럽 / 무료 (~5/9 0시)</title>
      <link>https://ggoorr.net/info/17869957</link>
      <category>모두</category>
      <category>기분</category>
      <dc:creator>슈파슈파</dc:creator>
      <guid isPermaLink="true">https://ggoorr.net/info/17869957</guid>
      <description></description>
      <content:encoded></content:encoded>
    </item>
    <item>
      <title>[에픽게임즈] 츄첼, 알비온 온라인 무료 환영 선물 / 무료 (~5/2 0시)</title>
      <link>https://ggoorr.net/info/17852645</link>
      <category>모두</category>
      <category>기분</category>
      <dc:creator>슈파슈파</dc:creator>
      <guid isPermaLink="true">https://ggoorr.net/info/17852645</guid>
      <description></description>
      <content:encoded></content:encoded>
    </item>
    <item>
      <title>[에픽게임즈] 보타니큘라 / 무료 (~4/25 0시)</title>
      <link>https://ggoorr.net/info/17851985</link>
      <category>모두</category>
      <category>기분</category>
      <dc:creator>슈파슈파</dc:creator>
      <guid isPermaLink="true">https://ggoorr.net/info/17851985</guid>
      <description></description>
      <content:encoded></content:encoded>
    </item>
    <item>
      <title>[홈플러스] 보먹돼 삼겹살, 목심 / 100g당 1,190원 (2만원↑ 무료배송)</title>
      <link>https://ggoorr.net/info/17851976</link>
      <category>모두</category>
      <category>기분</category>
      <dc:creator>슈파슈파</dc:creator>
      <guid isPermaLink="true">https://ggoorr.net/info/17851976</guid>
      <description></description>
      <content:encoded><![CDATA[</br><img alt="1.jpg" data-cke-saved-src="/files/attach/images/130/976/851/017/ac43026c4556e14a46ddec7917fad485.jpg" data-file-srl="17851977" editor_component="image_link" height="750" loading="lazy" src="https://cdn.ggoorr.net/files/attach/images/130/976/851/017/ac43026c4556e14a46ddec7917fad485.jpg" width="750"/></br>]]></content:encoded>
      <enclosure url="https://cdn.ggoorr.net/files/attach/images/130/976/851/017/ac43026c4556e14a46ddec7917fad485.jpg" type="image/jpeg" length="0"/>
      <wp:postmeta>
        <meta_key>_thumbnail_id</meta_key>
        <meta_value>https://cdn.ggoorr.net/files/attach/images/130/976/851/017/ac43026c4556e14a46ddec7917fad485.jpg</meta_value>
      </wp:postmeta>
    </item>
    <item>
      <title>(품절)[코스트코] 애플워치 9 "셀룰러" 약 50% 할인 / 599,000원 ~</title>
      <link>https://ggoorr.net/info/17836203</link>
      <category>모두</category>
      <category>기분</category>
      <dc:creator>슈파슈파</dc:creator>
      <guid isPermaLink="true">https://ggoorr.net/info/17836203</guid>
      <description></description>
      <content:encoded><![CDATA[</br><img alt="IMG_0246.jpeg" data-cke-saved-src="/files/attach/images/130/203/836/017/83e3be673f54cea7ef551a2b4773b80f.jpeg" data-file-srl="17836204" editor_component="image_link" height="2465" loading="lazy" src="https://cdn.ggoorr.net/files/attach/images/130/203/836/017/83e3be673f54cea7ef551a2b4773b80f.jpeg" width="1284"/></br>]]></content:encoded>
      <enclosure url="https://cdn.ggoorr.net/files/attach/images/130/203/836/017/83e3be673f54cea7ef551a2b4773b80f.jpeg" type="image/jpeg" length="0"/>
      <wp:postmeta>
        <meta_key>_thumbnail_id</meta_key>
        <meta_value>https://cdn.ggoorr.net/files/attach/images/130/203/836/017/83e3be673f54cea7ef551a2b4773b80f.jpeg</meta_value>
      </wp:postmeta>
    </item>
    <item>
      <title>[에픽게임즈] 캣 퀘스트 2 / 무료 (~4/11 0시까지)</title>
      <link>https://ggoorr.net/info/17816973</link>
      <category>모두</category>
      <category>기분</category>
      <dc:creator>슈파슈파</dc:creator>
      <guid isPermaLink="true">https://ggoorr.net/info/17816973</guid>
      <description></description>
      <content:encoded></content:encoded>
    </item>
    <item>
      <title>[에픽게임즈] 캣 퀘스트, Neko Ghost, Jump! / 무료 (~4/4 0시)</title>
      <link>https://ggoorr.net/info/17802685</link>
      <category>모두</category>
      <category>기분</category>
      <dc:creator>슈파슈파</dc:creator>
      <guid isPermaLink="true">https://ggoorr.net/info/17802685</guid>
      <description></description>
      <content:encoded></content:encoded>
    </item>
    <item>
      <title>[에픽게임즈] 쥬라기 월드 에볼루션 2 / 무료 (~3/28 0시)</title>
      <link>https://ggoorr.net/info/17790744</link>
      <category>모두</category>
      <category>기분</category>
      <dc:creator>슈파슈파</dc:creator>
      <guid isPermaLink="true">https://ggoorr.net/info/17790744</guid>
      <description></description>
      <content:encoded></content:encoded>
    </item>
    <item>
      <title>[에픽게임즈] 모탈 셸, 월드 오브 워십 기념일 파티 선물 애드온 / 무료 (~3/21 0시)</title>
      <link>https://ggoorr.net/info/17769260</link>
      <category>모두</category>
      <category>기분</category>
      <dc:creator>슈파슈파</dc:creator>
      <guid isPermaLink="true">https://ggoorr.net/info/17769260</guid>
      <description></description>
      <content:encoded></content:encoded>
    </item>
    <item>
      <title>[에픽게임즈] Them's Fightin' Herds / 무료 (~3/14 0시)</title>
      <link>https://ggoorr.net/info/17759019</link>
      <category>모두</category>
      <category>기분</category>
      <dc:creator>슈파슈파</dc:creator>
      <guid isPermaLink="true">https://ggoorr.net/info/17759019</guid>
      <description></description>
      <content:encoded></content:encoded>
    </item>
    <item>
      <title>[샤넬] 미르와르 두블르 화세뜨 손거울 + 샘플 2종 / 41,000원</title>
      <link>https://ggoorr.net/info/17744272</link>
      <category>모두</category>
      <category>기분</category>
      <dc:creator>슈파슈파</dc:creator>
      <guid isPermaLink="true">https://ggoorr.net/info/17744272</guid>
      <description></description>
      <content:encoded><![CDATA[</br><img alt="1.jpg" data-cke-saved-src="/files/attach/images/130/272/744/017/f2878b4b6ab61d0e51b96f544eeef48d.jpg" data-file-srl="17744274" editor_component="image_link" height="445" loading="lazy" src="https://cdn.ggoorr.net/files/attach/images/130/272/744/017/f2878b4b6ab61d0e51b96f544eeef48d.jpg" width="907"/></br>]]></content:encoded>
      <enclosure url="https://cdn.ggoorr.net/files/attach/images/130/272/744/017/f2878b4b6ab61d0e51b96f544eeef48d.jpg" type="image/jpeg" length="0"/>
      <wp:postmeta>
        <meta_key>_thumbnail_id</meta_key>
        <meta_value>https://cdn.ggoorr.net/files/attach/images/130/272/744/017/f2878b4b6ab61d0e51b96f544eeef48d.jpg</meta_value>
      </wp:postmeta>
    </item>
    <item>
      <title>[에픽게임즈] 미스트랄리아의 마법사 / 무료 (~3/7 01시)</title>
      <link>https://ggoorr.net/info/17737273</link>
      <category>모두</category>
      <category>기분</category>
      <dc:creator>슈파슈파</dc:creator>
      <guid isPermaLink="true">https://ggoorr.net/info/17737273</guid>
      <description></description>
      <content:encoded></content:encoded>
    </item>
    <item>
      <title>[에픽게임즈] 무료게임 월드워 Z: 애프터매스 / 무료 (~2/28 01시)</title>
      <link>https://ggoorr.net/info/17720550</link>
      <category>모두</category>
      <category>기분</category>
      <dc:creator>슈파슈파</dc:creator>
      <guid isPermaLink="true">https://ggoorr.net/info/17720550</guid>
      <description></description>
      <content:encoded></content:encoded>
    </item>
    <item>
      <title>[에픽게임즈] F1 Manager 2024 / 무료 (~2/21 01시)</title>
      <link>https://ggoorr.net/info/17716195</link>
      <category>모두</category>
      <category>기분</category>
      <dc:creator>슈파슈파</dc:creator>
      <guid isPermaLink="true">https://ggoorr.net/info/17716195</guid>
      <description></description>
      <content:encoded></content:encoded>
    </item>
    <item>
      <title>[에픽게임즈] 휴먼카인드, 비욘드 블루 / 무료 (~2/14 01시)</title>
      <link>https://ggoorr.net/info/17689667</link>
      <category>모두</category>
      <category>기분</category>
      <dc:creator>슈파슈파</dc:creator>
      <guid isPermaLink="true">https://ggoorr.net/info/17689667</guid>
      <description></description>
      <content:encoded></content:encoded>
    </item>
    <item>
      <title>[하이마트] 메타 퀘스트3 512GB VR 기기 / 카드  618,340원</title>
      <link>https://ggoorr.net/info/17683277</link>
      <category>모두</category>
      <category>기분</category>
      <dc:creator>슈파슈파</dc:creator>
      <guid isPermaLink="true">https://ggoorr.net/info/17683277</guid>
      <description></description>
      <content:encoded><![CDATA[</br><img alt="1.jpg" data-cke-saved-src="/files/attach/images/130/277/683/017/7564217f429aa4e163ab46e88edfff1a.jpg" data-file-srl="17683278" editor_component="image_link" height="640" loading="lazy" src="https://cdn.ggoorr.net/files/attach/images/130/277/683/017/7564217f429aa4e163ab46e88edfff1a.jpg" width="640"/></br></br><img alt="svg" class="['font-svg', 'font14']" data-cf-modified-9fa0a1bcf5916c83e3df8404-="" onclick="if (!window.__cfRLUnblockHandlers) return false; info_click();" src="https://cdn.ggoorr.net/files/attach../../common/fontawesome-6.5.1/svgs/regular/circle-question.svg" width="720px"/></br></br><img alt="svg" class="['font-svg', 'font14']" data-cf-modified-9fa0a1bcf5916c83e3df8404-="" onclick="if (!window.__cfRLUnblockHandlers) return false; info_click();" src="https://cdn.ggoorr.net/files/attach../../common/fontawesome-6.5.1/svgs/regular/circle-question.svg" width="720px"/></br>]]></content:encoded>
      <enclosure url="https://cdn.ggoorr.net/files/attach/images/130/277/683/017/7564217f429aa4e163ab46e88edfff1a.jpg" type="image/jpeg" length="0"/>
      <wp:postmeta>
        <meta_key>_thumbnail_id</meta_key>
        <meta_value>https://cdn.ggoorr.net/files/attach/images/130/277/683/017/7564217f429aa4e163ab46e88edfff1a.jpg</meta_value>
      </wp:postmeta>
    </item>
    <item>
      <title>[에픽게임즈] 언다잉 / 무료 (~2/7 01시)</title>
      <link>https://ggoorr.net/info/17671727</link>
      <category>모두</category>
      <category>기분</category>
      <dc:creator>슈파슈파</dc:creator>
      <guid isPermaLink="true">https://ggoorr.net/info/17671727</guid>
      <description></description>
      <content:encoded></content:encoded>
    </item>
    <item>
      <title>[MS스토어] (종료) XBOX 앨런 웨이크 리마스터 / 무료</title>
      <link>https://ggoorr.net/info/17671725</link>
      <category>모두</category>
      <category>기분</category>
      <dc:creator>슈파슈파</dc:creator>
      <guid isPermaLink="true">https://ggoorr.net/info/17671725</guid>
      <description></description>
      <content:encoded></content:encoded>
    </item>
    <item>
      <title>[11번가] 핫식스 더킹 355ml x 24개 / 카드 15,840원 (T멤버십)</title>
      <link>https://ggoorr.net/info/17665730/page/2</link>
      <category>모두</category>
      <category>기분</category>
      <dc:creator>슈파슈파</dc:creator>
      <guid isPermaLink="true">https://ggoorr.net/info/17665730/page/2</guid>
      <description></description>
      <content:encoded><![CDATA[</br><img alt="1.jpg" data-cke-saved-src="/files/attach/images/130/730/665/017/045010456645e7cda1ec96ab62361738.jpg" data-file-srl="17665731" editor_component="image_link" height="1000" loading="lazy" src="https://cdn.ggoorr.net/files/attach/images/130/730/665/017/045010456645e7cda1ec96ab62361738.jpg" width="1000"/></br></br><img alt="svg" class="['font-svg', 'font14']" data-cf-modified-9ab238ee687b98b4fddc60a7-="" onclick="if (!window.__cfRLUnblockHandlers) return false; info_click();" src="https://cdn.ggoorr.net/files/attach../../common/fontawesome-6.5.1/svgs/regular/circle-question.svg" width="720px"/></br></br><img alt="svg" class="['font-svg', 'font14']" data-cf-modified-9ab238ee687b98b4fddc60a7-="" onclick="if (!window.__cfRLUnblockHandlers) return false; info_click();" src="https://cdn.ggoorr.net/files/attach../../common/fontawesome-6.5.1/svgs/regular/circle-question.svg" width="720px"/></br></br><img alt="svg" class="['font-svg', 'font14']" data-cf-modified-9ab238ee687b98b4fddc60a7-="" onclick="if (!window.__cfRLUnblockHandlers) return false; info_click();" src="https://cdn.ggoorr.net/files/attach../../common/fontawesome-6.5.1/svgs/regular/circle-question.svg" width="720px"/></br></br><img alt="svg" class="['font-svg', 'font14']" data-cf-modified-9ab238ee687b98b4fddc60a7-="" onclick="if (!window.__cfRLUnblockHandlers) return false; info_click();" src="https://cdn.ggoorr.net/files/attach../../common/fontawesome-6.5.1/svgs/regular/circle-question.svg" width="720px"/></br></br><img alt="svg" class="['font-svg', 'font14']" data-cf-modified-9ab238ee687b98b4fddc60a7-="" onclick="if (!window.__cfRLUnblockHandlers) return false; info_click();" src="https://cdn.ggoorr.net/files/attach../../common/fontawesome-6.5.1/svgs/regular/circle-question.svg" width="720px"/></br></br><img alt="svg" class="['font-svg', 'font14']" data-cf-modified-9ab238ee687b98b4fddc60a7-="" onclick="if (!window.__cfRLUnblockHandlers) return false; info_click();" src="https://cdn.ggoorr.net/files/attach../../common/fontawesome-6.5.1/svgs/regular/circle-question.svg" width="720px"/></br></br><img alt="svg" class="['font-svg', 'font14']" data-cf-modified-9ab238ee687b98b4fddc60a7-="" onclick="if (!window.__cfRLUnblockHandlers) return false; info_click();" src="https://cdn.ggoorr.net/files/attach../../common/fontawesome-6.5.1/svgs/regular/circle-question.svg" width="720px"/></br>]]></content:encoded>
      <enclosure url="https://cdn.ggoorr.net/files/attach/images/130/730/665/017/045010456645e7cda1ec96ab62361738.jpg" type="image/jpeg" length="0"/>
      <wp:postmeta>
        <meta_key>_thumbnail_id</meta_key>
        <meta_value>https://cdn.ggoorr.net/files/attach/images/130/730/665/017/045010456645e7cda1ec96ab62361738.jpg</meta_value>
      </wp:postmeta>
    </item>
    <item>
      <title>[무신사] 나이키 줌 보메로 5 M - 블랙:앤트러사이트:메탈릭 다크 그레이:블랙 HF1553-001 / 123,039원</title>
      <link>https://ggoorr.net/info/17665711/page/2</link>
      <category>모두</category>
      <category>기분</category>
      <dc:creator>슈파슈파</dc:creator>
      <guid isPermaLink="true">https://ggoorr.net/info/17665711/page/2</guid>
      <description></description>
      <content:encoded><![CDATA[</br><img alt="1.webp" data-cke-saved-src="/files/attach/images/130/711/665/017/5d56a53504369bba758389fb7e8426e0.webp" data-file-srl="17665712" editor_component="image_link" height="1440" loading="lazy" src="https://cdn.ggoorr.net/files/attach/images/130/711/665/017/5d56a53504369bba758389fb7e8426e0.webp" width="1200"/></br>]]></content:encoded>
      <enclosure url="https://cdn.ggoorr.net/files/attach/images/130/711/665/017/5d56a53504369bba758389fb7e8426e0.webp" type="image/jpeg" length="0"/>
      <wp:postmeta>
        <meta_key>_thumbnail_id</meta_key>
        <meta_value>https://cdn.ggoorr.net/files/attach/images/130/711/665/017/5d56a53504369bba758389fb7e8426e0.webp</meta_value>
      </wp:postmeta>
    </item>
    <item>
      <title>[에픽게임즈] 비하인드 더 프레임: 가장 아름다운 경치 / 무료 (~1/31 01시)</title>
      <link>https://ggoorr.net/info/17658659/page/2</link>
      <category>모두</category>
      <category>기분</category>
      <dc:creator>슈파슈파</dc:creator>
      <guid isPermaLink="true">https://ggoorr.net/info/17658659/page/2</guid>
      <description></description>
      <content:encoded></content:encoded>
    </item>
    <item>
      <title>[에픽게임즈] Turmoil / 무료 (~1/17 01시)</title>
      <link>https://ggoorr.net/info/17626085/page/2</link>
      <category>모두</category>
      <category>기분</category>
      <dc:creator>슈파슈파</dc:creator>
      <guid isPermaLink="true">https://ggoorr.net/info/17626085/page/2</guid>
      <description></description>
      <content:encoded></content:encoded>
    </item>
    <item>
      <title>[에픽게임즈] 킹덤 컴: 딜리버런스 / 무료 (~1/3 01시)</title>
      <link>https://ggoorr.net/info/17605933/page/2</link>
      <category>모두</category>
      <category>기분</category>
      <dc:creator>슈파슈파</dc:creator>
      <guid isPermaLink="true">https://ggoorr.net/info/17605933/page/2</guid>
      <description></description>
      <content:encoded></content:encoded>
    </item>
    <item>
      <title>[에픽게임즈] REDACTED / 무료 (~1/1 01시)</title>
      <link>https://ggoorr.net/info/17602562/page/2</link>
      <category>모두</category>
      <category>기분</category>
      <dc:creator>슈파슈파</dc:creator>
      <guid isPermaLink="true">https://ggoorr.net/info/17602562/page/2</guid>
      <description></description>
      <content:encoded></content:encoded>
    </item>
    <item>
      <title>[에픽게임즈] 킬 나이트 / 무료 (~12/30 01시)</title>
      <link>https://ggoorr.net/info/17597801/page/2</link>
      <category>모두</category>
      <category>기분</category>
      <dc:creator>슈파슈파</dc:creator>
      <guid isPermaLink="true">https://ggoorr.net/info/17597801/page/2</guid>
      <description></description>
      <content:encoded></content:encoded>
    </item>
    <item>
      <title>[에픽게임즈] 핫 휠 언리쉬드 / 무료 (~12/29 01시)</title>
      <link>https://ggoorr.net/info/17596182/page/2</link>
      <category>모두</category>
      <category>기분</category>
      <dc:creator>슈파슈파</dc:creator>
      <guid isPermaLink="true">https://ggoorr.net/info/17596182/page/2</guid>
      <description></description>
      <content:encoded></content:encoded>
    </item>
    <item>
      <title>[에픽게임즈] 고스트러너 2 / 무료 (~12/28 01시)</title>
      <link>https://ggoorr.net/info/17593809/page/2</link>
      <category>모두</category>
      <category>기분</category>
      <dc:creator>슈파슈파</dc:creator>
      <guid isPermaLink="true">https://ggoorr.net/info/17593809/page/2</guid>
      <description></description>
      <content:encoded></content:encoded>
    </item>
    <item>
      <title>[에픽게임즈] 컨트롤 / 무료 (~12/27 01시)</title>
      <link>https://ggoorr.net/info/17591889/page/2</link>
      <category>모두</category>
      <category>기분</category>
      <dc:creator>슈파슈파</dc:creator>
      <guid isPermaLink="true">https://ggoorr.net/info/17591889/page/2</guid>
      <description></description>
      <content:encoded></content:encoded>
    </item>
    <item>
      <title>[에픽게임즈] 다크 앤 다커 - 전설 지위 애드온 / 무료 (~12/25 01시)</title>
      <link>https://ggoorr.net/info/17587379/page/2</link>
      <category>모두</category>
      <category>기분</category>
      <dc:creator>슈파슈파</dc:creator>
      <guid isPermaLink="true">https://ggoorr.net/info/17587379/page/2</guid>
      <description></description>
      <content:encoded></content:encoded>
    </item>
    <item>
      <title>[에픽게임즈] 위저드 오브 레전드 / 무료 (~12/24 01시)</title>
      <link>https://ggoorr.net/info/17584833/page/2</link>
      <category>모두</category>
      <category>기분</category>
      <dc:creator>슈파슈파</dc:creator>
      <guid isPermaLink="true">https://ggoorr.net/info/17584833/page/2</guid>
      <description></description>
      <content:encoded></content:encoded>
    </item>
    <item>
      <title>[에픽게임즈] Astrea Six Sided Oracles / 무료 (~12/22 01시)</title>
      <link>https://ggoorr.net/info/17580067/page/2</link>
      <category>모두</category>
      <category>기분</category>
      <dc:creator>슈파슈파</dc:creator>
      <guid isPermaLink="true">https://ggoorr.net/info/17580067/page/2</guid>
      <description></description>
      <content:encoded></content:encoded>
    </item>
    <item>
      <title>[G마켓] 미미스상회 우유꿀설기 50gX40개 / 11,900원</title>
      <link>https://ggoorr.net/info/17579972/page/2</link>
      <category>모두</category>
      <category>기분</category>
      <dc:creator>슈파슈파</dc:creator>
      <guid isPermaLink="true">https://ggoorr.net/info/17579972/page/2</guid>
      <description></description>
      <content:encoded><![CDATA[</br><img alt="1.jpg" data-cke-saved-src="/files/attach/images/130/972/579/017/3e6482eb224ed3b4825bf6683ecbc314.jpg" data-file-srl="17579973" editor_component="image_link" src="https://cdn.ggoorr.net/files/attach/images/130/972/579/017/3e6482eb224ed3b4825bf6683ecbc314.jpg" width="720px"/></br></br><img alt="2.jpg" data-cke-saved-src="/files/attach/images/130/972/579/017/10559b179c71ea038a9cecd5b93dce52.jpg" data-file-srl="17579974" editor_component="image_link" src="https://cdn.ggoorr.net/files/attach/images/130/972/579/017/10559b179c71ea038a9cecd5b93dce52.jpg" width="720px"/></br></br><img alt="svg" class="['font-svg', 'font14']" data-cf-modified-58606144dbd66e0cfdff85c5-="" onclick="if (!window.__cfRLUnblockHandlers) return false; info_click();" src="https://cdn.ggoorr.net/files/attach../../common/fontawesome-6.5.1/svgs/regular/circle-question.svg" width="720px"/></br>]]></content:encoded>
      <enclosure url="https://cdn.ggoorr.net/files/attach/images/130/972/579/017/3e6482eb224ed3b4825bf6683ecbc314.jpg" type="image/jpeg" length="0"/>
      <wp:postmeta>
        <meta_key>_thumbnail_id</meta_key>
        <meta_value>https://cdn.ggoorr.net/files/attach/images/130/972/579/017/3e6482eb224ed3b4825bf6683ecbc314.jpg</meta_value>
      </wp:postmeta>
    </item>
    <item>
      <title>[에픽게임즈] 트레인 심 월드 5: 셔먼 힐: 샤이엔 - 라라미 / 무료 (~1/3 23시)</title>
      <link>https://ggoorr.net/info/17579971/page/2</link>
      <category>모두</category>
      <category>기분</category>
      <dc:creator>슈파슈파</dc:creator>
      <guid isPermaLink="true">https://ggoorr.net/info/17579971/page/2</guid>
      <description></description>
      <content:encoded></content:encoded>
    </item>
    <item>
      <title>[에픽게임즈] 뱀파이어 서바이버 / 무료 (~12/21 01시)</title>
      <link>https://ggoorr.net/info/17577172/page/2</link>
      <category>모두</category>
      <category>기분</category>
      <dc:creator>슈파슈파</dc:creator>
      <guid isPermaLink="true">https://ggoorr.net/info/17577172/page/2</guid>
      <description></description>
      <content:encoded></content:encoded>
    </item>
    <item>
      <title>[에픽게임즈] 반지의 제왕: 리턴 투 모리아 / 무료 (~12/20 01시)</title>
      <link>https://ggoorr.net/info/17574132/page/2</link>
      <category>모두</category>
      <category>기분</category>
      <dc:creator>슈파슈파</dc:creator>
      <guid isPermaLink="true">https://ggoorr.net/info/17574132/page/2</guid>
      <description></description>
      <content:encoded></content:encoded>
    </item>
    <item>
      <title>[옥션] 오뚜기밥 200g 30개 / 20,880원</title>
      <link>https://ggoorr.net/info/17559091/page/2</link>
      <category>모두</category>
      <category>기분</category>
      <dc:creator>슈파슈파</dc:creator>
      <guid isPermaLink="true">https://ggoorr.net/info/17559091/page/2</guid>
      <description></description>
      <content:encoded><![CDATA[</br><img alt="1.png.jpg" data-cke-saved-src="/files/attach/images/130/091/559/017/a384097d82be9c6c7836ac96d8a6da8e.jpg" data-file-srl="17559092" editor_component="image_link" src="https://cdn.ggoorr.net/files/attach/images/130/091/559/017/a384097d82be9c6c7836ac96d8a6da8e.jpg" width="720px"/></br></br><img alt="svg" class="['font-svg', 'font14']" data-cf-modified-fda6d28a0e47e6af86dc032d-="" onclick="if (!window.__cfRLUnblockHandlers) return false; info_click();" src="https://cdn.ggoorr.net/files/attach../../common/fontawesome-6.5.1/svgs/regular/circle-question.svg" width="720px"/></br>]]></content:encoded>
      <enclosure url="https://cdn.ggoorr.net/files/attach/images/130/091/559/017/a384097d82be9c6c7836ac96d8a6da8e.jpg" type="image/jpeg" length="0"/>
      <wp:postmeta>
        <meta_key>_thumbnail_id</meta_key>
        <meta_value>https://cdn.ggoorr.net/files/attach/images/130/091/559/017/a384097d82be9c6c7836ac96d8a6da8e.jpg</meta_value>
      </wp:postmeta>
    </item>
    <item>
      <title>[11번가] 켈로그 리얼 그래놀라 400g 3개 + 증정 (브랜 그래놀라 40g 2개) / 9,030원</title>
      <link>https://ggoorr.net/info/17559057/page/2</link>
      <category>모두</category>
      <category>기분</category>
      <dc:creator>슈파슈파</dc:creator>
      <guid isPermaLink="true">https://ggoorr.net/info/17559057/page/2</guid>
      <description></description>
      <content:encoded><![CDATA[</br><img alt="001.jpg" data-cke-saved-src="/files/attach/images/130/057/559/017/80f7467289b6f974c5a51f73adb6ace4.jpg" data-file-srl="17559058" editor_component="image_link" src="https://cdn.ggoorr.net/files/attach/images/130/057/559/017/80f7467289b6f974c5a51f73adb6ace4.jpg" width="720px"/></br></br><img alt="svg" class="['font-svg', 'font14']" data-cf-modified-5f1cbc43928ab7572f26d610-="" onclick="if (!window.__cfRLUnblockHandlers) return false; info_click();" src="https://cdn.ggoorr.net/files/attach../../common/fontawesome-6.5.1/svgs/regular/circle-question.svg" width="720px"/></br>]]></content:encoded>
      <enclosure url="https://cdn.ggoorr.net/files/attach/images/130/057/559/017/80f7467289b6f974c5a51f73adb6ace4.jpg" type="image/jpeg" length="0"/>
      <wp:postmeta>
        <meta_key>_thumbnail_id</meta_key>
        <meta_value>https://cdn.ggoorr.net/files/attach/images/130/057/559/017/80f7467289b6f974c5a51f73adb6ace4.jpg</meta_value>
      </wp:postmeta>
    </item>
    <item>
      <title>[에픽게임즈] 레고 스타워즈: 스카이워커 사가, 버스 시뮬레이터 21 / 무료 (~12/13 01시)</title>
      <link>https://ggoorr.net/info/17553930/page/2</link>
      <category>모두</category>
      <category>기분</category>
      <dc:creator>슈파슈파</dc:creator>
      <guid isPermaLink="true">https://ggoorr.net/info/17553930/page/2</guid>
      <description></description>
      <content:encoded></content:encoded>
    </item>
    <item>
      <title>[에픽게임즈] Brotato / 무료 (~12/6 01시)</title>
      <link>https://ggoorr.net/info/17524397/page/3</link>
      <category>모두</category>
      <category>기분</category>
      <dc:creator>슈파슈파</dc:creator>
      <guid isPermaLink="true">https://ggoorr.net/info/17524397/page/3</guid>
      <description></description>
      <content:encoded></content:encoded>
    </item>
    <item>
      <title>[에픽게임즈] 캐슬바니아 애니버서리 컬렉션, 스네이크버드 컴플리트 / 무료 (~11/22 01시)</title>
      <link>https://ggoorr.net/info/17487651/page/3</link>
      <category>모두</category>
      <category>기분</category>
      <dc:creator>슈파슈파</dc:creator>
      <guid isPermaLink="true">https://ggoorr.net/info/17487651/page/3</guid>
      <description></description>
      <content:encoded></content:encoded>
    </item>
    <item>
      <title>[GSshop] 웰컴 이벤트 적립금 5,000원</title>
      <link>https://ggoorr.net/info/17484206/page/3</link>
      <category>모두</category>
      <category>기분</category>
      <dc:creator>슈파슈파</dc:creator>
      <guid isPermaLink="true">https://ggoorr.net/info/17484206/page/3</guid>
      <description></description>
      <content:encoded><![CDATA[</br><img alt="1.png.jpg" data-cke-saved-src="/files/attach/images/130/206/484/017/a35b2faa194bd81af05a129792759be2.jpg" data-file-srl="17484207" editor_component="image_link" src="https://cdn.ggoorr.net/files/attach/images/130/206/484/017/a35b2faa194bd81af05a129792759be2.jpg" width="720px"/></br></br><img alt="svg" class="['font-svg', 'font14']" data-cf-modified-6cfbd029f00e4bc6899c6c66-="" onclick="if (!window.__cfRLUnblockHandlers) return false; info_click();" src="https://cdn.ggoorr.net/files/attach../../common/fontawesome-6.5.1/svgs/regular/circle-question.svg" width="720px"/></br>]]></content:encoded>
      <enclosure url="https://cdn.ggoorr.net/files/attach/images/130/206/484/017/a35b2faa194bd81af05a129792759be2.jpg" type="image/jpeg" length="0"/>
      <wp:postmeta>
        <meta_key>_thumbnail_id</meta_key>
        <meta_value>https://cdn.ggoorr.net/files/attach/images/130/206/484/017/a35b2faa194bd81af05a129792759be2.jpg</meta_value>
      </wp:postmeta>
    </item>
    <item>
      <title>[에픽게임즈] 디시브 Inc., APEX 레전드 애쉬 무료 해제 번들 / 무료 (~11/15 01시)</title>
      <link>https://ggoorr.net/info/17473422/page/3</link>
      <category>모두</category>
      <category>기분</category>
      <dc:creator>슈파슈파</dc:creator>
      <guid isPermaLink="true">https://ggoorr.net/info/17473422/page/3</guid>
      <description></description>
      <content:encoded></content:encoded>
    </item>
    <item>
      <title>[G마켓] 비비고 통새우만두 200g x 6개 / 신한 22,320원</title>
      <link>https://ggoorr.net/info/17466692/page/3</link>
      <category>모두</category>
      <category>기분</category>
      <dc:creator>슈파슈파</dc:creator>
      <guid isPermaLink="true">https://ggoorr.net/info/17466692/page/3</guid>
      <description></description>
      <content:encoded><![CDATA[</br><img alt="400.jpeg" data-cke-saved-src="/files/attach/images/130/692/466/017/b005334346d5d3ab9cdc09c6a2c199de.jpeg" data-file-srl="17466693" editor_component="image_link" src="https://cdn.ggoorr.net/files/attach/images/130/692/466/017/b005334346d5d3ab9cdc09c6a2c199de.jpeg" width="720px"/></br></br><img alt="svg" class="['font-svg', 'font14']" data-cf-modified-737f59af70b400ff35bf1c77-="" onclick="if (!window.__cfRLUnblockHandlers) return false; info_click();" src="https://cdn.ggoorr.net/files/attach../../common/fontawesome-6.5.1/svgs/regular/circle-question.svg" width="720px"/></br>]]></content:encoded>
      <enclosure url="https://cdn.ggoorr.net/files/attach/images/130/692/466/017/b005334346d5d3ab9cdc09c6a2c199de.jpeg" type="image/jpeg" length="0"/>
      <wp:postmeta>
        <meta_key>_thumbnail_id</meta_key>
        <meta_value>https://cdn.ggoorr.net/files/attach/images/130/692/466/017/b005334346d5d3ab9cdc09c6a2c199de.jpeg</meta_value>
      </wp:postmeta>
    </item>
    <item>
      <title>[에픽게임즈] 고스트와이어: 도쿄, 위치 잇 / 무료 (~11/8 01시)</title>
      <link>https://ggoorr.net/info/17456631/page/3</link>
      <category>모두</category>
      <category>기분</category>
      <dc:creator>슈파슈파</dc:creator>
      <guid isPermaLink="true">https://ggoorr.net/info/17456631/page/3</guid>
      <description></description>
      <content:encoded></content:encoded>
    </item>
    <item>
      <title>[에픽게임즈] 무빙 아웃 / 무료 (~11/1 0시)</title>
      <link>https://ggoorr.net/info/17451770/page/3</link>
      <category>모두</category>
      <category>기분</category>
      <dc:creator>슈파슈파</dc:creator>
      <guid isPermaLink="true">https://ggoorr.net/info/17451770/page/3</guid>
      <description></description>
      <content:encoded></content:encoded>
    </item>
    <item>
      <title>[다양] 조용필 - 20 예약판매 / 17,100원</title>
      <link>https://ggoorr.net/info/17438550/page/3</link>
      <category>모두</category>
      <category>기분</category>
      <dc:creator>슈파슈파</dc:creator>
      <guid isPermaLink="true">https://ggoorr.net/info/17438550/page/3</guid>
      <description></description>
      <content:encoded><![CDATA[</br><img alt="1.jpg" data-cke-saved-src="/files/attach/images/130/550/438/017/de7793f70eaeca9d9d0aac06ddd32e4d.jpg" data-file-srl="17438551" editor_component="image_link" src="https://cdn.ggoorr.net/files/attach/images/130/550/438/017/de7793f70eaeca9d9d0aac06ddd32e4d.jpg" width="720px"/></br></br><img alt="svg" class="['font-svg', 'font14']" data-cf-modified-030e20e0020c58e29cedf196-="" onclick="if (!window.__cfRLUnblockHandlers) return false; info_click();" src="https://cdn.ggoorr.net/files/attach../../common/fontawesome-6.5.1/svgs/regular/circle-question.svg" width="720px"/></br></br><img alt="svg" class="['font-svg', 'font14']" data-cf-modified-030e20e0020c58e29cedf196-="" onclick="if (!window.__cfRLUnblockHandlers) return false; info_click();" src="https://cdn.ggoorr.net/files/attach../../common/fontawesome-6.5.1/svgs/regular/circle-question.svg" width="720px"/></br>]]></content:encoded>
      <enclosure url="https://cdn.ggoorr.net/files/attach/images/130/550/438/017/de7793f70eaeca9d9d0aac06ddd32e4d.jpg" type="image/jpeg" length="0"/>
      <wp:postmeta>
        <meta_key>_thumbnail_id</meta_key>
        <meta_value>https://cdn.ggoorr.net/files/attach/images/130/550/438/017/de7793f70eaeca9d9d0aac06ddd32e4d.jpg</meta_value>
      </wp:postmeta>
    </item>
    <item>
      <title>[CJ더마켓] 비비고 왕교자 1.05kg x 9봉 / 토스 44,024원</title>
      <link>https://ggoorr.net/info/17438540/page/3</link>
      <category>모두</category>
      <category>기분</category>
      <dc:creator>슈파슈파</dc:creator>
      <guid isPermaLink="true">https://ggoorr.net/info/17438540/page/3</guid>
      <description></description>
      <content:encoded><![CDATA[</br><img alt="1.webp" data-cke-saved-src="/files/attach/images/130/540/438/017/1d89e890ede92747c6d3cfe86927154d.webp" data-file-srl="17438541" editor_component="image_link" src="https://cdn.ggoorr.net/files/attach/images/130/540/438/017/1d89e890ede92747c6d3cfe86927154d.webp" width="720px"/></br></br><img alt="svg" class="['font-svg', 'font14']" data-cf-modified-e0f35e57a0dd96a587f7796c-="" onclick="if (!window.__cfRLUnblockHandlers) return false; info_click();" src="https://cdn.ggoorr.net/files/attach../../common/fontawesome-6.5.1/svgs/regular/circle-question.svg" width="720px"/></br></br><img alt="svg" class="['font-svg', 'font14']" data-cf-modified-e0f35e57a0dd96a587f7796c-="" onclick="if (!window.__cfRLUnblockHandlers) return false; info_click();" src="https://cdn.ggoorr.net/files/attach../../common/fontawesome-6.5.1/svgs/regular/circle-question.svg" width="720px"/></br>]]></content:encoded>
      <enclosure url="https://cdn.ggoorr.net/files/attach/images/130/540/438/017/1d89e890ede92747c6d3cfe86927154d.webp" type="image/jpeg" length="0"/>
      <wp:postmeta>
        <meta_key>_thumbnail_id</meta_key>
        <meta_value>https://cdn.ggoorr.net/files/attach/images/130/540/438/017/1d89e890ede92747c6d3cfe86927154d.webp</meta_value>
      </wp:postmeta>
    </item>
    <item>
      <title>[롯데온] 더미식 백미밥 210gX24입 / 페이 16,400원</title>
      <link>https://ggoorr.net/info/17434424/page/3</link>
      <category>모두</category>
      <category>기분</category>
      <dc:creator>슈파슈파</dc:creator>
      <guid isPermaLink="true">https://ggoorr.net/info/17434424/page/3</guid>
      <description></description>
      <content:encoded><![CDATA[</br><img alt="001.jpg" data-cke-saved-src="/files/attach/images/130/424/434/017/126545978fc190a7160f66ded001dc25.jpg" data-file-srl="17434425" editor_component="image_link" src="https://cdn.ggoorr.net/files/attach/images/130/424/434/017/126545978fc190a7160f66ded001dc25.jpg" width="720px"/></br></br><img alt="svg" class="['font-svg', 'font14']" data-cf-modified-4f191a77af2a2c0a507694e3-="" onclick="if (!window.__cfRLUnblockHandlers) return false; info_click();" src="https://cdn.ggoorr.net/files/attach../../common/fontawesome-6.5.1/svgs/regular/circle-question.svg" width="720px"/></br>]]></content:encoded>
      <enclosure url="https://cdn.ggoorr.net/files/attach/images/130/424/434/017/126545978fc190a7160f66ded001dc25.jpg" type="image/jpeg" length="0"/>
      <wp:postmeta>
        <meta_key>_thumbnail_id</meta_key>
        <meta_value>https://cdn.ggoorr.net/files/attach/images/130/424/434/017/126545978fc190a7160f66ded001dc25.jpg</meta_value>
      </wp:postmeta>
    </item>
    <item>
      <title>[G마켓] 폰타나 파스타소스 600g 2+2병 골라담기 + 면 500g 증정 / 13,830원 (유클)</title>
      <link>https://ggoorr.net/info/17426672/page/3</link>
      <category>모두</category>
      <category>기분</category>
      <dc:creator>슈파슈파</dc:creator>
      <guid isPermaLink="true">https://ggoorr.net/info/17426672/page/3</guid>
      <description></description>
      <content:encoded><![CDATA[</br><img alt="1.jpg" data-cke-saved-src="/files/attach/images/130/672/426/017/73caad98f7042ddf37a9c551536abe2c.jpg" data-file-srl="17426673" editor_component="image_link" src="https://cdn.ggoorr.net/files/attach/images/130/672/426/017/73caad98f7042ddf37a9c551536abe2c.jpg" width="720px"/></br></br><img alt="svg" class="['font-svg', 'font14']" data-cf-modified-24c6ff4f8c8a7c3a2097b2e0-="" onclick="if (!window.__cfRLUnblockHandlers) return false; info_click();" src="https://cdn.ggoorr.net/files/attach../../common/fontawesome-6.5.1/svgs/regular/circle-question.svg" width="720px"/></br>]]></content:encoded>
      <enclosure url="https://cdn.ggoorr.net/files/attach/images/130/672/426/017/73caad98f7042ddf37a9c551536abe2c.jpg" type="image/jpeg" length="0"/>
      <wp:postmeta>
        <meta_key>_thumbnail_id</meta_key>
        <meta_value>https://cdn.ggoorr.net/files/attach/images/130/672/426/017/73caad98f7042ddf37a9c551536abe2c.jpg</meta_value>
      </wp:postmeta>
    </item>
    <item>
      <title>[옥션] 노벨문학상 수상한 한강 장편소설 대표작 3권 / 카드 37,900원</title>
      <link>https://ggoorr.net/info/17424349/page/3</link>
      <category>모두</category>
      <category>기분</category>
      <dc:creator>슈파슈파</dc:creator>
      <guid isPermaLink="true">https://ggoorr.net/info/17424349/page/3</guid>
      <description></description>
      <content:encoded><![CDATA[</br><img alt="3f0492eec6.jpg" data-cke-saved-src="/files/attach/images/130/349/424/017/9328bfc1f3e043d76b45e926046a5733.jpg" data-file-srl="17424350" editor_component="image_link" src="https://cdn.ggoorr.net/files/attach/images/130/349/424/017/9328bfc1f3e043d76b45e926046a5733.jpg" width="720px"/></br></br><img alt="svg" class="['font-svg', 'font14']" data-cf-modified-59268ad715f70ac0b92d907d-="" onclick="if (!window.__cfRLUnblockHandlers) return false; info_click();" src="https://cdn.ggoorr.net/files/attach../../common/fontawesome-6.5.1/svgs/regular/circle-question.svg" width="720px"/></br>]]></content:encoded>
      <enclosure url="https://cdn.ggoorr.net/files/attach/images/130/349/424/017/9328bfc1f3e043d76b45e926046a5733.jpg" type="image/jpeg" length="0"/>
      <wp:postmeta>
        <meta_key>_thumbnail_id</meta_key>
        <meta_value>https://cdn.ggoorr.net/files/attach/images/130/349/424/017/9328bfc1f3e043d76b45e926046a5733.jpg</meta_value>
      </wp:postmeta>
    </item>
    <item>
      <title>[에픽게임즈] 엠피리온: 갤럭틱 서바이벌 / 무료 (~10/18 0시)</title>
      <link>https://ggoorr.net/info/17414484/page/3</link>
      <category>모두</category>
      <category>기분</category>
      <dc:creator>슈파슈파</dc:creator>
      <guid isPermaLink="true">https://ggoorr.net/info/17414484/page/3</guid>
      <description></description>
      <content:encoded></content:encoded>
    </item>
    <item>
      <title>[네이버쇼핑] 동원참치 라이트 고추 콘참치 85g 20캔+2캔 증정 / 22,410원 (네이버멤버십)</title>
      <link>https://ggoorr.net/info/17414452/page/3</link>
      <category>모두</category>
      <category>기분</category>
      <dc:creator>슈파슈파</dc:creator>
      <guid isPermaLink="true">https://ggoorr.net/info/17414452/page/3</guid>
      <description></description>
      <content:encoded><![CDATA[</br><img alt="1.jpg" data-cke-saved-src="/files/attach/images/130/452/414/017/d4235e57ea2524c8e4731dde9ed6ea8e.jpg" data-file-srl="17414457" editor_component="image_link" src="https://cdn.ggoorr.net/files/attach/images/130/452/414/017/d4235e57ea2524c8e4731dde9ed6ea8e.jpg" width="720px"/></br>]]></content:encoded>
      <enclosure url="https://cdn.ggoorr.net/files/attach/images/130/452/414/017/d4235e57ea2524c8e4731dde9ed6ea8e.jpg" type="image/jpeg" length="0"/>
      <wp:postmeta>
        <meta_key>_thumbnail_id</meta_key>
        <meta_value>https://cdn.ggoorr.net/files/attach/images/130/452/414/017/d4235e57ea2524c8e4731dde9ed6ea8e.jpg</meta_value>
      </wp:postmeta>
    </item>
    <item>
      <title>[네이버쇼핑] 동원 통그릴 비엔나 1kg 2봉 / 15,210원 (네이버멤버십)</title>
      <link>https://ggoorr.net/info/17414421/page/3</link>
      <category>모두</category>
      <category>기분</category>
      <dc:creator>슈파슈파</dc:creator>
      <guid isPermaLink="true">https://ggoorr.net/info/17414421/page/3</guid>
      <description></description>
      <content:encoded><![CDATA[</br><img alt="1.jpg" data-cke-saved-src="/files/attach/images/130/421/414/017/f7f2dcb8b86245b05f5b73a91aaf03fb.jpg" data-file-srl="17414422" editor_component="image_link" src="https://cdn.ggoorr.net/files/attach/images/130/421/414/017/f7f2dcb8b86245b05f5b73a91aaf03fb.jpg" width="720px"/></br>]]></content:encoded>
      <enclosure url="https://cdn.ggoorr.net/files/attach/images/130/421/414/017/f7f2dcb8b86245b05f5b73a91aaf03fb.jpg" type="image/jpeg" length="0"/>
      <wp:postmeta>
        <meta_key>_thumbnail_id</meta_key>
        <meta_value>https://cdn.ggoorr.net/files/attach/images/130/421/414/017/f7f2dcb8b86245b05f5b73a91aaf03fb.jpg</meta_value>
      </wp:postmeta>
    </item>
    <item>
      <title>[하이마트] 메타 퀘스트3 512GB VR 헤드셋 / 카드,네페 677,970원</title>
      <link>https://ggoorr.net/info/17406755/page/3</link>
      <category>모두</category>
      <category>기분</category>
      <dc:creator>슈파슈파</dc:creator>
      <guid isPermaLink="true">https://ggoorr.net/info/17406755/page/3</guid>
      <description></description>
      <content:encoded><![CDATA[</br><img alt="0021069558_OCULUS-QUEST3512GB_M_640_640.jpg" data-cke-saved-src="/files/attach/images/130/755/406/017/f17fd58b981790e04a0957e3082f595a.jpg" data-file-srl="17406756" editor_component="image_link" src="https://cdn.ggoorr.net/files/attach/images/130/755/406/017/f17fd58b981790e04a0957e3082f595a.jpg" width="720px"/></br></br><img alt="svg" class="['font-svg', 'font14']" data-cf-modified-c6cd51dc364964fade02d6b7-="" onclick="if (!window.__cfRLUnblockHandlers) return false; info_click();" src="https://cdn.ggoorr.net/files/attach../../common/fontawesome-6.5.1/svgs/regular/circle-question.svg" width="720px"/></br>]]></content:encoded>
      <enclosure url="https://cdn.ggoorr.net/files/attach/images/130/755/406/017/f17fd58b981790e04a0957e3082f595a.jpg" type="image/jpeg" length="0"/>
      <wp:postmeta>
        <meta_key>_thumbnail_id</meta_key>
        <meta_value>https://cdn.ggoorr.net/files/attach/images/130/755/406/017/f17fd58b981790e04a0957e3082f595a.jpg</meta_value>
      </wp:postmeta>
    </item>
    <item>
      <title>[롯데온] 닌텐도 스위치 슈퍼 마리오 파티 잼버리 / 56,800원</title>
      <link>https://ggoorr.net/info/17406744/page/3</link>
      <category>모두</category>
      <category>기분</category>
      <dc:creator>슈파슈파</dc:creator>
      <guid isPermaLink="true">https://ggoorr.net/info/17406744/page/3</guid>
      <description></description>
      <content:encoded><![CDATA[</br><img alt="Screenshot_20241011_184106_Chrome.jpg" data-cke-saved-src="/files/attach/images/130/744/406/017/076e2d3b74380ac4370aed9bd56b62a0.jpg" data-file-srl="17406745" editor_component="image_link" src="https://cdn.ggoorr.net/files/attach/images/130/744/406/017/076e2d3b74380ac4370aed9bd56b62a0.jpg" width="720px"/></br></br><img alt="svg" class="['font-svg', 'font14']" data-cf-modified-1a8144a48dfdbdb6ef820b6d-="" onclick="if (!window.__cfRLUnblockHandlers) return false; info_click();" src="https://cdn.ggoorr.net/files/attach../../common/fontawesome-6.5.1/svgs/regular/circle-question.svg" width="720px"/></br>]]></content:encoded>
      <enclosure url="https://cdn.ggoorr.net/files/attach/images/130/744/406/017/076e2d3b74380ac4370aed9bd56b62a0.jpg" type="image/jpeg" length="0"/>
      <wp:postmeta>
        <meta_key>_thumbnail_id</meta_key>
        <meta_value>https://cdn.ggoorr.net/files/attach/images/130/744/406/017/076e2d3b74380ac4370aed9bd56b62a0.jpg</meta_value>
      </wp:postmeta>
    </item>
    <item>
      <title>[11번가] 지도표 성경김 재래 식탁김 독도에디션 4g 32봉 / 9,900원</title>
      <link>https://ggoorr.net/info/17405180/page/3</link>
      <category>모두</category>
      <category>기분</category>
      <dc:creator>슈파슈파</dc:creator>
      <guid isPermaLink="true">https://ggoorr.net/info/17405180/page/3</guid>
      <description></description>
      <content:encoded><![CDATA[</br><img alt="2114682808_175706281.jpg" data-cke-saved-src="/files/attach/images/130/180/405/017/2e0b697f942e2fcbe02a05928e2de144.jpg" data-file-srl="17405181" editor_component="image_link" src="https://cdn.ggoorr.net/files/attach/images/130/180/405/017/2e0b697f942e2fcbe02a05928e2de144.jpg" width="720px"/></br></br><img alt="svg" class="['font-svg', 'font14']" data-cf-modified-1c640cf6b4dc72ef706cf576-="" onclick="if (!window.__cfRLUnblockHandlers) return false; info_click();" src="https://cdn.ggoorr.net/files/attach../../common/fontawesome-6.5.1/svgs/regular/circle-question.svg" width="720px"/></br>]]></content:encoded>
      <enclosure url="https://cdn.ggoorr.net/files/attach/images/130/180/405/017/2e0b697f942e2fcbe02a05928e2de144.jpg" type="image/jpeg" length="0"/>
      <wp:postmeta>
        <meta_key>_thumbnail_id</meta_key>
        <meta_value>https://cdn.ggoorr.net/files/attach/images/130/180/405/017/2e0b697f942e2fcbe02a05928e2de144.jpg</meta_value>
      </wp:postmeta>
    </item>
    <item>
      <title>[네이버쇼핑] 구운계란 구운란 대란 30구+30구 / 11,920원 (네이버멤버십)</title>
      <link>https://ggoorr.net/info/17396388/page/3</link>
      <category>모두</category>
      <category>기분</category>
      <dc:creator>슈파슈파</dc:creator>
      <guid isPermaLink="true">https://ggoorr.net/info/17396388/page/3</guid>
      <description></description>
      <content:encoded><![CDATA[</br><img alt="9317524716583423_767729237.jpeg" data-cke-saved-src="/files/attach/images/130/388/396/017/91148eb349cbe211ce8cc54defb62230.jpeg" data-file-srl="17396389" editor_component="image_link" src="https://cdn.ggoorr.net/files/attach/images/130/388/396/017/91148eb349cbe211ce8cc54defb62230.jpeg" width="720px"/></br>]]></content:encoded>
      <enclosure url="https://cdn.ggoorr.net/files/attach/images/130/388/396/017/91148eb349cbe211ce8cc54defb62230.jpeg" type="image/jpeg" length="0"/>
      <wp:postmeta>
        <meta_key>_thumbnail_id</meta_key>
        <meta_value>https://cdn.ggoorr.net/files/attach/images/130/388/396/017/91148eb349cbe211ce8cc54defb62230.jpeg</meta_value>
      </wp:postmeta>
    </item>
    <item>
      <title>[롯데온] 펩시콜라 제로슈거 라임향 제로 카페인 355ml 48캔 / 삼성,카카오 26,500원</title>
      <link>https://ggoorr.net/info/17396380/page/3</link>
      <category>모두</category>
      <category>기분</category>
      <dc:creator>슈파슈파</dc:creator>
      <guid isPermaLink="true">https://ggoorr.net/info/17396380/page/3</guid>
      <description></description>
      <content:encoded><![CDATA[</br><img alt="Screenshot_20241007_011202_Chrome.jpg" data-cke-saved-src="/files/attach/images/130/380/396/017/4bb1d1ca632dc15dbe52adbab511cdd7.jpg" data-file-srl="17396381" editor_component="image_link" src="https://cdn.ggoorr.net/files/attach/images/130/380/396/017/4bb1d1ca632dc15dbe52adbab511cdd7.jpg" width="720px"/></br></br><img alt="svg" class="['font-svg', 'font14']" data-cf-modified-d2053d493437a8588fcdaea1-="" onclick="if (!window.__cfRLUnblockHandlers) return false; info_click();" src="https://cdn.ggoorr.net/files/attach../../common/fontawesome-6.5.1/svgs/regular/circle-question.svg" width="720px"/></br>]]></content:encoded>
      <enclosure url="https://cdn.ggoorr.net/files/attach/images/130/380/396/017/4bb1d1ca632dc15dbe52adbab511cdd7.jpg" type="image/jpeg" length="0"/>
      <wp:postmeta>
        <meta_key>_thumbnail_id</meta_key>
        <meta_value>https://cdn.ggoorr.net/files/attach/images/130/380/396/017/4bb1d1ca632dc15dbe52adbab511cdd7.jpg</meta_value>
      </wp:postmeta>
    </item>
    <item>
      <title>[쿠팡] 롯데웰푸드 칙촉 오리지널, 168g, 4개 / 8,160원 (와우회원)</title>
      <link>https://ggoorr.net/info/17390865/page/4</link>
      <category>모두</category>
      <category>기분</category>
      <dc:creator>슈파슈파</dc:creator>
      <guid isPermaLink="true">https://ggoorr.net/info/17390865/page/4</guid>
      <description></description>
      <content:encoded><![CDATA[</br><img alt="7794015007539364-c9c74dee-872b-4656-ae23-99a4d07edfac.jpg" data-cke-saved-src="/files/attach/images/130/865/390/017/e610ad398b56f17744c2f5f289c0fc3f.jpg" data-file-srl="17390866" editor_component="image_link" src="https://cdn.ggoorr.net/files/attach/images/130/865/390/017/e610ad398b56f17744c2f5f289c0fc3f.jpg" width="720px"/></br>]]></content:encoded>
      <enclosure url="https://cdn.ggoorr.net/files/attach/images/130/865/390/017/e610ad398b56f17744c2f5f289c0fc3f.jpg" type="image/jpeg" length="0"/>
      <wp:postmeta>
        <meta_key>_thumbnail_id</meta_key>
        <meta_value>https://cdn.ggoorr.net/files/attach/images/130/865/390/017/e610ad398b56f17744c2f5f289c0fc3f.jpg</meta_value>
      </wp:postmeta>
    </item>
    <item>
      <title>[G마켓] 유혜광 수제통등심돈까스 10장(총 5팩) / 13,660원</title>
      <link>https://ggoorr.net/info/17390859/page/4</link>
      <category>모두</category>
      <category>기분</category>
      <dc:creator>슈파슈파</dc:creator>
      <guid isPermaLink="true">https://ggoorr.net/info/17390859/page/4</guid>
      <description></description>
      <content:encoded><![CDATA[</br><img alt="400.jpeg" data-cke-saved-src="/files/attach/images/130/859/390/017/a0f9c1c761e2653def37bffa04f34c2a.jpeg" data-file-srl="17390860" editor_component="image_link" src="https://cdn.ggoorr.net/files/attach/images/130/859/390/017/a0f9c1c761e2653def37bffa04f34c2a.jpeg" width="720px"/></br></br><img alt="svg" class="['font-svg', 'font14']" data-cf-modified-f735e925559b1c74031040cc-="" onclick="if (!window.__cfRLUnblockHandlers) return false; info_click();" src="https://cdn.ggoorr.net/files/attach../../common/fontawesome-6.5.1/svgs/regular/circle-question.svg" width="720px"/></br>]]></content:encoded>
      <enclosure url="https://cdn.ggoorr.net/files/attach/images/130/859/390/017/a0f9c1c761e2653def37bffa04f34c2a.jpeg" type="image/jpeg" length="0"/>
      <wp:postmeta>
        <meta_key>_thumbnail_id</meta_key>
        <meta_value>https://cdn.ggoorr.net/files/attach/images/130/859/390/017/a0f9c1c761e2653def37bffa04f34c2a.jpeg</meta_value>
      </wp:postmeta>
    </item>
    <item>
      <title>(품절)[네이버쇼핑]오뚜기몰 10,000원 쿠폰 증정(선착순)</title>
      <link>https://ggoorr.net/info/17382159/page/4</link>
      <category>모두</category>
      <category>기분</category>
      <dc:creator>슈파슈파</dc:creator>
      <guid isPermaLink="true">https://ggoorr.net/info/17382159/page/4</guid>
      <description></description>
      <content:encoded><![CDATA[</br><img alt="IMG_0039.jpeg" data-cke-saved-src="/files/attach/images/130/159/382/017/b5573aad37b41dbd68f4056c245f159f.jpeg" data-file-srl="17382160" editor_component="image_link" src="https://cdn.ggoorr.net/files/attach/images/130/159/382/017/b5573aad37b41dbd68f4056c245f159f.jpeg" width="720px"/></br>]]></content:encoded>
      <enclosure url="https://cdn.ggoorr.net/files/attach/images/130/159/382/017/b5573aad37b41dbd68f4056c245f159f.jpeg" type="image/jpeg" length="0"/>
      <wp:postmeta>
        <meta_key>_thumbnail_id</meta_key>
        <meta_value>https://cdn.ggoorr.net/files/attach/images/130/159/382/017/b5573aad37b41dbd68f4056c245f159f.jpeg</meta_value>
      </wp:postmeta>
    </item>
    <item>
      <title>[네이버쇼핑] 비비고왕교자1.05kg 4봉 + 새우왕교자315g 4봉 / 31,800원 (품절)</title>
      <link>https://ggoorr.net/info/17376492/page/4</link>
      <category>모두</category>
      <category>기분</category>
      <dc:creator>슈파슈파</dc:creator>
      <guid isPermaLink="true">https://ggoorr.net/info/17376492/page/4</guid>
      <description></description>
      <content:encoded><![CDATA[</br><img alt="1.jpg" data-cke-saved-src="/files/attach/images/130/492/376/017/98c4339a9e5b6df83cdb0f3bdba73abc.jpg" data-file-srl="17376493" editor_component="image_link" src="https://cdn.ggoorr.net/files/attach/images/130/492/376/017/98c4339a9e5b6df83cdb0f3bdba73abc.jpg" width="720px"/></br>]]></content:encoded>
      <enclosure url="https://cdn.ggoorr.net/files/attach/images/130/492/376/017/98c4339a9e5b6df83cdb0f3bdba73abc.jpg" type="image/jpeg" length="0"/>
      <wp:postmeta>
        <meta_key>_thumbnail_id</meta_key>
        <meta_value>https://cdn.ggoorr.net/files/attach/images/130/492/376/017/98c4339a9e5b6df83cdb0f3bdba73abc.jpg</meta_value>
      </wp:postmeta>
    </item>
    <item>
      <title>[에픽게임즈] 슈퍼 크레이지 리듬 캐슬 / 무료 (~9/20 0시)</title>
      <link>https://ggoorr.net/info/17353671/page/4</link>
      <category>모두</category>
      <category>기분</category>
      <dc:creator>슈파슈파</dc:creator>
      <guid isPermaLink="true">https://ggoorr.net/info/17353671/page/4</guid>
      <description></description>
      <content:encoded></content:encoded>
    </item>
    <item>
      <title>[11번가] 롯데시네마 1인 2D영화관람권 / 국민 8,370원</title>
      <link>https://ggoorr.net/info/17343856/page/4</link>
      <category>모두</category>
      <category>기분</category>
      <dc:creator>슈파슈파</dc:creator>
      <guid isPermaLink="true">https://ggoorr.net/info/17343856/page/4</guid>
      <description></description>
      <content:encoded><![CDATA[</br><img alt="1.jpg" data-cke-saved-src="/files/attach/images/130/856/343/017/1078b2150dc78992d0de80501527c0e1.jpg" data-file-srl="17343857" editor_component="image_link" src="https://cdn.ggoorr.net/files/attach/images/130/856/343/017/1078b2150dc78992d0de80501527c0e1.jpg" width="720px"/></br></br><img alt="svg" class="['font-svg', 'font14']" data-cf-modified-9c1af7db99afe09de7abf1b3-="" onclick="if (!window.__cfRLUnblockHandlers) return false; info_click();" src="https://cdn.ggoorr.net/files/attach../../common/fontawesome-6.5.1/svgs/regular/circle-question.svg" width="720px"/></br>]]></content:encoded>
      <enclosure url="https://cdn.ggoorr.net/files/attach/images/130/856/343/017/1078b2150dc78992d0de80501527c0e1.jpg" type="image/jpeg" length="0"/>
      <wp:postmeta>
        <meta_key>_thumbnail_id</meta_key>
        <meta_value>https://cdn.ggoorr.net/files/attach/images/130/856/343/017/1078b2150dc78992d0de80501527c0e1.jpg</meta_value>
      </wp:postmeta>
    </item>
    <item>
      <title>[11마존] AMD 라이젠9 7900X / 382,480원</title>
      <link>https://ggoorr.net/info/17343646/page/4</link>
      <category>모두</category>
      <category>기분</category>
      <dc:creator>슈파슈파</dc:creator>
      <guid isPermaLink="true">https://ggoorr.net/info/17343646/page/4</guid>
      <description></description>
      <content:encoded><![CDATA[</br><img alt="1.jpg" data-cke-saved-src="/files/attach/images/130/646/343/017/0bc708a0442558e726ca470f49bb3091.jpg" data-file-srl="17343647" editor_component="image_link" src="https://cdn.ggoorr.net/files/attach/images/130/646/343/017/0bc708a0442558e726ca470f49bb3091.jpg" width="720px"/></br></br><img alt="svg" class="['font-svg', 'font14']" data-cf-modified-18ce8e7ac9a46c0b6e53b694-="" onclick="if (!window.__cfRLUnblockHandlers) return false; info_click();" src="https://cdn.ggoorr.net/files/attach../../common/fontawesome-6.5.1/svgs/regular/circle-question.svg" width="720px"/></br>]]></content:encoded>
      <enclosure url="https://cdn.ggoorr.net/files/attach/images/130/646/343/017/0bc708a0442558e726ca470f49bb3091.jpg" type="image/jpeg" length="0"/>
      <wp:postmeta>
        <meta_key>_thumbnail_id</meta_key>
        <meta_value>https://cdn.ggoorr.net/files/attach/images/130/646/343/017/0bc708a0442558e726ca470f49bb3091.jpg</meta_value>
      </wp:postmeta>
    </item>
    <item>
      <title>[11번가] CJ 비비고 사골곰탕, 500g, 18개 / 16,400원</title>
      <link>https://ggoorr.net/info/17343638/page/4</link>
      <category>모두</category>
      <category>기분</category>
      <dc:creator>슈파슈파</dc:creator>
      <guid isPermaLink="true">https://ggoorr.net/info/17343638/page/4</guid>
      <description></description>
      <content:encoded><![CDATA[</br><img alt="1.jpg" data-cke-saved-src="/files/attach/images/130/638/343/017/b8c2c3f4361aa4f80f1f65d0f0fac001.jpg" data-file-srl="17343639" editor_component="image_link" src="https://cdn.ggoorr.net/files/attach/images/130/638/343/017/b8c2c3f4361aa4f80f1f65d0f0fac001.jpg" width="720px"/></br></br><img alt="svg" class="['font-svg', 'font14']" data-cf-modified-4eacd3daa36075e4dcb5403c-="" onclick="if (!window.__cfRLUnblockHandlers) return false; info_click();" src="https://cdn.ggoorr.net/files/attach../../common/fontawesome-6.5.1/svgs/regular/circle-question.svg" width="720px"/></br>]]></content:encoded>
      <enclosure url="https://cdn.ggoorr.net/files/attach/images/130/638/343/017/b8c2c3f4361aa4f80f1f65d0f0fac001.jpg" type="image/jpeg" length="0"/>
      <wp:postmeta>
        <meta_key>_thumbnail_id</meta_key>
        <meta_value>https://cdn.ggoorr.net/files/attach/images/130/638/343/017/b8c2c3f4361aa4f80f1f65d0f0fac001.jpg</meta_value>
      </wp:postmeta>
    </item>
    <item>
      <title>[쿠팡] 샤프란 실내건조 섬유유연제 로맨틱코튼, 3.1L, 1개 / 2,760원 (와우회원)</title>
      <link>https://ggoorr.net/info/17343634/page/4</link>
      <category>모두</category>
      <category>기분</category>
      <dc:creator>슈파슈파</dc:creator>
      <guid isPermaLink="true">https://ggoorr.net/info/17343634/page/4</guid>
      <description></description>
      <content:encoded><![CDATA[</br><img alt="1.JPG" data-cke-saved-src="/files/attach/images/130/634/343/017/4b8545ba82525c306e0f57f74c1e15f9.jpg" data-file-srl="17343635" editor_component="image_link" src="https://cdn.ggoorr.net/files/attach/images/130/634/343/017/4b8545ba82525c306e0f57f74c1e15f9.jpg" width="720px"/></br>]]></content:encoded>
      <enclosure url="https://cdn.ggoorr.net/files/attach/images/130/634/343/017/4b8545ba82525c306e0f57f74c1e15f9.jpg" type="image/jpeg" length="0"/>
      <wp:postmeta>
        <meta_key>_thumbnail_id</meta_key>
        <meta_value>https://cdn.ggoorr.net/files/attach/images/130/634/343/017/4b8545ba82525c306e0f57f74c1e15f9.jpg</meta_value>
      </wp:postmeta>
    </item>
    <item>
      <title>[오뚜기몰] 컵밥 4개 골라담기 20개 / 페이코 27,925원</title>
      <link>https://ggoorr.net/info/17343626/page/4</link>
      <category>모두</category>
      <category>기분</category>
      <dc:creator>슈파슈파</dc:creator>
      <guid isPermaLink="true">https://ggoorr.net/info/17343626/page/4</guid>
      <description></description>
      <content:encoded><![CDATA[</br><img alt="1.jpg" data-cke-saved-src="/files/attach/images/130/626/343/017/7b896e5cbdd1a67fc2a0c47043f1e775.jpg" data-file-srl="17343627" editor_component="image_link" src="https://cdn.ggoorr.net/files/attach/images/130/626/343/017/7b896e5cbdd1a67fc2a0c47043f1e775.jpg" width="720px"/></br>]]></content:encoded>
      <enclosure url="https://cdn.ggoorr.net/files/attach/images/130/626/343/017/7b896e5cbdd1a67fc2a0c47043f1e775.jpg" type="image/jpeg" length="0"/>
      <wp:postmeta>
        <meta_key>_thumbnail_id</meta_key>
        <meta_value>https://cdn.ggoorr.net/files/attach/images/130/626/343/017/7b896e5cbdd1a67fc2a0c47043f1e775.jpg</meta_value>
      </wp:postmeta>
    </item>
    <item>
      <title>[쿠팡] 오뚜기 딸기쨈, 500g, 3개 / 10,470원 (와우회원)</title>
      <link>https://ggoorr.net/info/17343622/page/4</link>
      <category>모두</category>
      <category>기분</category>
      <dc:creator>슈파슈파</dc:creator>
      <guid isPermaLink="true">https://ggoorr.net/info/17343622/page/4</guid>
      <description></description>
      <content:encoded><![CDATA[</br><img alt="1.png.jpg" data-cke-saved-src="/files/attach/images/130/622/343/017/627311b46c2a9617357f0190ec903cc2.jpg" data-file-srl="17343623" editor_component="image_link" src="https://cdn.ggoorr.net/files/attach/images/130/622/343/017/627311b46c2a9617357f0190ec903cc2.jpg" width="720px"/></br>]]></content:encoded>
      <enclosure url="https://cdn.ggoorr.net/files/attach/images/130/622/343/017/627311b46c2a9617357f0190ec903cc2.jpg" type="image/jpeg" length="0"/>
      <wp:postmeta>
        <meta_key>_thumbnail_id</meta_key>
        <meta_value>https://cdn.ggoorr.net/files/attach/images/130/622/343/017/627311b46c2a9617357f0190ec903cc2.jpg</meta_value>
      </wp:postmeta>
    </item>
    <item>
      <title>[롯데온] 정다운 허브훈제오리 200g x 6봉 / 18,240원</title>
      <link>https://ggoorr.net/info/17343618/page/4</link>
      <category>모두</category>
      <category>기분</category>
      <dc:creator>슈파슈파</dc:creator>
      <guid isPermaLink="true">https://ggoorr.net/info/17343618/page/4</guid>
      <description></description>
      <content:encoded><![CDATA[</br><img alt="1.jpg" data-cke-saved-src="/files/attach/images/130/618/343/017/1daa3afb3f8c4c069af21015640fd3a2.jpg" data-file-srl="17343619" editor_component="image_link" src="https://cdn.ggoorr.net/files/attach/images/130/618/343/017/1daa3afb3f8c4c069af21015640fd3a2.jpg" width="720px"/></br></br><img alt="svg" class="['font-svg', 'font14']" data-cf-modified-fff0b78edb7920cef6e60061-="" onclick="if (!window.__cfRLUnblockHandlers) return false; info_click();" src="https://cdn.ggoorr.net/files/attach../../common/fontawesome-6.5.1/svgs/regular/circle-question.svg" width="720px"/></br>]]></content:encoded>
      <enclosure url="https://cdn.ggoorr.net/files/attach/images/130/618/343/017/1daa3afb3f8c4c069af21015640fd3a2.jpg" type="image/jpeg" length="0"/>
      <wp:postmeta>
        <meta_key>_thumbnail_id</meta_key>
        <meta_value>https://cdn.ggoorr.net/files/attach/images/130/618/343/017/1daa3afb3f8c4c069af21015640fd3a2.jpg</meta_value>
      </wp:postmeta>
    </item>
    <item>
      <title>[쿠팡] 신라면 블랙 사발 컵라면 101g, 6개 / 5,980원 (와우회원)</title>
      <link>https://ggoorr.net/info/17339195/page/4</link>
      <category>모두</category>
      <category>기분</category>
      <dc:creator>슈파슈파</dc:creator>
      <guid isPermaLink="true">https://ggoorr.net/info/17339195/page/4</guid>
      <description></description>
      <content:encoded><![CDATA[</br><img alt="1.jpg" data-cke-saved-src="/files/attach/images/130/195/339/017/2bf0942eb03853b7a8a29eefd82a65ec.jpg" data-file-srl="17339196" editor_component="image_link" src="https://cdn.ggoorr.net/files/attach/images/130/195/339/017/2bf0942eb03853b7a8a29eefd82a65ec.jpg" width="720px"/></br>]]></content:encoded>
      <enclosure url="https://cdn.ggoorr.net/files/attach/images/130/195/339/017/2bf0942eb03853b7a8a29eefd82a65ec.jpg" type="image/jpeg" length="0"/>
      <wp:postmeta>
        <meta_key>_thumbnail_id</meta_key>
        <meta_value>https://cdn.ggoorr.net/files/attach/images/130/195/339/017/2bf0942eb03853b7a8a29eefd82a65ec.jpg</meta_value>
      </wp:postmeta>
    </item>
    <item>
      <title>[쿠팡] 하인즈 리듀스드 슈가 토마토 케찹, 836g, 1개 / 5,660원 (와우회원)</title>
      <link>https://ggoorr.net/info/17339189/page/4</link>
      <category>모두</category>
      <category>기분</category>
      <dc:creator>슈파슈파</dc:creator>
      <guid isPermaLink="true">https://ggoorr.net/info/17339189/page/4</guid>
      <description></description>
      <content:encoded><![CDATA[</br><img alt="1.jpg" data-cke-saved-src="/files/attach/images/130/189/339/017/e712c551ea3bafdd08e7243173a83a50.jpg" data-file-srl="17339190" editor_component="image_link" src="https://cdn.ggoorr.net/files/attach/images/130/189/339/017/e712c551ea3bafdd08e7243173a83a50.jpg" width="720px"/></br>]]></content:encoded>
      <enclosure url="https://cdn.ggoorr.net/files/attach/images/130/189/339/017/e712c551ea3bafdd08e7243173a83a50.jpg" type="image/jpeg" length="0"/>
      <wp:postmeta>
        <meta_key>_thumbnail_id</meta_key>
        <meta_value>https://cdn.ggoorr.net/files/attach/images/130/189/339/017/e712c551ea3bafdd08e7243173a83a50.jpg</meta_value>
      </wp:postmeta>
    </item>
    <item>
      <title>[쿠팡] 머거본 꾸이한통 어포스낵, 150g, 1개 / 4,710원 (와우회원)</title>
      <link>https://ggoorr.net/info/17335685/page/4</link>
      <category>모두</category>
      <category>기분</category>
      <dc:creator>슈파슈파</dc:creator>
      <guid isPermaLink="true">https://ggoorr.net/info/17335685/page/4</guid>
      <description></description>
      <content:encoded><![CDATA[</br><img alt="001.jpg" data-cke-saved-src="/files/attach/images/130/685/335/017/85083caaee4495b4a369a247c0375deb.jpg" data-file-srl="17335686" editor_component="image_link" src="https://cdn.ggoorr.net/files/attach/images/130/685/335/017/85083caaee4495b4a369a247c0375deb.jpg" width="720px"/></br>]]></content:encoded>
      <enclosure url="https://cdn.ggoorr.net/files/attach/images/130/685/335/017/85083caaee4495b4a369a247c0375deb.jpg" type="image/jpeg" length="0"/>
      <wp:postmeta>
        <meta_key>_thumbnail_id</meta_key>
        <meta_value>https://cdn.ggoorr.net/files/attach/images/130/685/335/017/85083caaee4495b4a369a247c0375deb.jpg</meta_value>
      </wp:postmeta>
    </item>
    <item>
      <title>[네이버쇼핑] 비비고 왕교자 1.05kg 2개 + 새우왕교자 315g 2개 / 15,840원 (3,000원)</title>
      <link>https://ggoorr.net/info/17335626/page/4</link>
      <category>모두</category>
      <category>기분</category>
      <dc:creator>슈파슈파</dc:creator>
      <guid isPermaLink="true">https://ggoorr.net/info/17335626/page/4</guid>
      <description></description>
      <content:encoded><![CDATA[</br><img alt="1.jpg" data-cke-saved-src="/files/attach/images/130/626/335/017/b8a7b0ac086955d9fc4d005162000ab6.jpg" data-file-srl="17335627" editor_component="image_link" src="https://cdn.ggoorr.net/files/attach/images/130/626/335/017/b8a7b0ac086955d9fc4d005162000ab6.jpg" width="720px"/></br>]]></content:encoded>
      <enclosure url="https://cdn.ggoorr.net/files/attach/images/130/626/335/017/b8a7b0ac086955d9fc4d005162000ab6.jpg" type="image/jpeg" length="0"/>
      <wp:postmeta>
        <meta_key>_thumbnail_id</meta_key>
        <meta_value>https://cdn.ggoorr.net/files/attach/images/130/626/335/017/b8a7b0ac086955d9fc4d005162000ab6.jpg</meta_value>
      </wp:postmeta>
    </item>
    <item>
      <title>[네이버쇼핑] 삼다수 2L 12입 / 9,020원</title>
      <link>https://ggoorr.net/info/17333299/page/4</link>
      <category>모두</category>
      <category>기분</category>
      <dc:creator>슈파슈파</dc:creator>
      <guid isPermaLink="true">https://ggoorr.net/info/17333299/page/4</guid>
      <description></description>
      <content:encoded><![CDATA[</br><img alt="111596233471174689_1926580378.jpg" data-cke-saved-src="/files/attach/images/130/299/333/017/7ef3bcb829d3d60a8babcca00193f0b2.jpg" data-file-srl="17333300" editor_component="image_link" src="https://cdn.ggoorr.net/files/attach/images/130/299/333/017/7ef3bcb829d3d60a8babcca00193f0b2.jpg" width="720px"/></br>]]></content:encoded>
      <enclosure url="https://cdn.ggoorr.net/files/attach/images/130/299/333/017/7ef3bcb829d3d60a8babcca00193f0b2.jpg" type="image/jpeg" length="0"/>
      <wp:postmeta>
        <meta_key>_thumbnail_id</meta_key>
        <meta_value>https://cdn.ggoorr.net/files/attach/images/130/299/333/017/7ef3bcb829d3d60a8babcca00193f0b2.jpg</meta_value>
      </wp:postmeta>
    </item>
    <item>
      <title>[에픽게임즈] 풋볼 매니저 2024 / 무료 (~9/13 0시)</title>
      <link>https://ggoorr.net/info/17332188/page/4</link>
      <category>모두</category>
      <category>기분</category>
      <dc:creator>슈파슈파</dc:creator>
      <guid isPermaLink="true">https://ggoorr.net/info/17332188/page/4</guid>
      <description></description>
      <content:encoded></content:encoded>
    </item>
    <item>
      <title>[홈플러스] 보먹돼 삼겹살, 목심 / 100g당 1,300원 (4만원↑ 무료배송)</title>
      <link>https://ggoorr.net/info/17330624/page/4</link>
      <category>모두</category>
      <category>기분</category>
      <dc:creator>슈파슈파</dc:creator>
      <guid isPermaLink="true">https://ggoorr.net/info/17330624/page/4</guid>
      <description></description>
      <content:encoded><![CDATA[</br><img alt="1.jpg" data-cke-saved-src="/files/attach/images/130/624/330/017/a3ae57175f6ca999b4665c2c6edebbb4.jpg" data-file-srl="17330625" editor_component="image_link" src="https://cdn.ggoorr.net/files/attach/images/130/624/330/017/a3ae57175f6ca999b4665c2c6edebbb4.jpg" width="720px"/></br></br><img alt="svg" class="['font-svg', 'font14']" data-cf-modified-5742cd30823806f4d97c84d8-="" onclick="if (!window.__cfRLUnblockHandlers) return false; info_click();" src="https://cdn.ggoorr.net/files/attach../../common/fontawesome-6.5.1/svgs/regular/circle-question.svg" width="720px"/></br>]]></content:encoded>
      <enclosure url="https://cdn.ggoorr.net/files/attach/images/130/624/330/017/a3ae57175f6ca999b4665c2c6edebbb4.jpg" type="image/jpeg" length="0"/>
      <wp:postmeta>
        <meta_key>_thumbnail_id</meta_key>
        <meta_value>https://cdn.ggoorr.net/files/attach/images/130/624/330/017/a3ae57175f6ca999b4665c2c6edebbb4.jpg</meta_value>
      </wp:postmeta>
    </item>
    <item>
      <title>[홈플러스] 홈플러스 모바일 금액권 1만원 5% 할인 / 9,500원</title>
      <link>https://ggoorr.net/info/17330617/page/4</link>
      <category>모두</category>
      <category>기분</category>
      <dc:creator>슈파슈파</dc:creator>
      <guid isPermaLink="true">https://ggoorr.net/info/17330617/page/4</guid>
      <description></description>
      <content:encoded><![CDATA[</br><img alt="1.jpg" data-cke-saved-src="/files/attach/images/130/617/330/017/fd54b13cc305960eea716115d2849031.jpg" data-file-srl="17330618" editor_component="image_link" src="https://cdn.ggoorr.net/files/attach/images/130/617/330/017/fd54b13cc305960eea716115d2849031.jpg" width="720px"/></br></br><img alt="svg" class="['font-svg', 'font14']" data-cf-modified-ec09b27a4d85c2f0882f9404-="" onclick="if (!window.__cfRLUnblockHandlers) return false; info_click();" src="https://cdn.ggoorr.net/files/attach../../common/fontawesome-6.5.1/svgs/regular/circle-question.svg" width="720px"/></br>]]></content:encoded>
      <enclosure url="https://cdn.ggoorr.net/files/attach/images/130/617/330/017/fd54b13cc305960eea716115d2849031.jpg" type="image/jpeg" length="0"/>
      <wp:postmeta>
        <meta_key>_thumbnail_id</meta_key>
        <meta_value>https://cdn.ggoorr.net/files/attach/images/130/617/330/017/fd54b13cc305960eea716115d2849031.jpg</meta_value>
      </wp:postmeta>
    </item>
    <item>
      <title>[쿠팡] 쏜리서치 베이직 뉴트리언트 2 데이 캡슐, 60정, 4개 / 79,550원</title>
      <link>https://ggoorr.net/info/17325397/page/5</link>
      <category>모두</category>
      <category>기분</category>
      <dc:creator>슈파슈파</dc:creator>
      <guid isPermaLink="true">https://ggoorr.net/info/17325397/page/5</guid>
      <description></description>
      <content:encoded><![CDATA[</br><img alt="1.png.jpg" data-cke-saved-src="/files/attach/images/130/397/325/017/8bfad67e1b9533eefc95ac7fec727de4.jpg" data-file-srl="17325398" editor_component="image_link" src="https://cdn.ggoorr.net/files/attach/images/130/397/325/017/8bfad67e1b9533eefc95ac7fec727de4.jpg" width="720px"/></br>]]></content:encoded>
      <enclosure url="https://cdn.ggoorr.net/files/attach/images/130/397/325/017/8bfad67e1b9533eefc95ac7fec727de4.jpg" type="image/jpeg" length="0"/>
      <wp:postmeta>
        <meta_key>_thumbnail_id</meta_key>
        <meta_value>https://cdn.ggoorr.net/files/attach/images/130/397/325/017/8bfad67e1b9533eefc95ac7fec727de4.jpg</meta_value>
      </wp:postmeta>
    </item>
    <item>
      <title>[에픽게임즈] 폴아웃 클래식 콜렉션 / 무료 (~9/6 0시)</title>
      <link>https://ggoorr.net/info/17319594/page/5</link>
      <category>모두</category>
      <category>기분</category>
      <dc:creator>슈파슈파</dc:creator>
      <guid isPermaLink="true">https://ggoorr.net/info/17319594/page/5</guid>
      <description></description>
      <content:encoded></content:encoded>
    </item>
    <item>
      <title>[쿠팡] 연두 요리에센스 대용량, 830ml, 1개 / 8,700원 (와우회원)</title>
      <link>https://ggoorr.net/info/17315965/page/5</link>
      <category>모두</category>
      <category>기분</category>
      <dc:creator>슈파슈파</dc:creator>
      <guid isPermaLink="true">https://ggoorr.net/info/17315965/page/5</guid>
      <description></description>
      <content:encoded><![CDATA[</br><img alt="1.png.jpg" data-cke-saved-src="/files/attach/images/130/965/315/017/b2410d82ac4725e1f6e7a247b378c824.jpg" data-file-srl="17315966" editor_component="image_link" src="https://cdn.ggoorr.net/files/attach/images/130/965/315/017/b2410d82ac4725e1f6e7a247b378c824.jpg" width="720px"/></br>]]></content:encoded>
      <enclosure url="https://cdn.ggoorr.net/files/attach/images/130/965/315/017/b2410d82ac4725e1f6e7a247b378c824.jpg" type="image/jpeg" length="0"/>
      <wp:postmeta>
        <meta_key>_thumbnail_id</meta_key>
        <meta_value>https://cdn.ggoorr.net/files/attach/images/130/965/315/017/b2410d82ac4725e1f6e7a247b378c824.jpg</meta_value>
      </wp:postmeta>
    </item>
    <item>
      <title>[쿠팡] 팔도 비락식혜 제로, 238ml, 18개 / 8,180원 (와우회원)</title>
      <link>https://ggoorr.net/info/17306081/page/5</link>
      <category>모두</category>
      <category>기분</category>
      <dc:creator>슈파슈파</dc:creator>
      <guid isPermaLink="true">https://ggoorr.net/info/17306081/page/5</guid>
      <description></description>
      <content:encoded><![CDATA[</br><img alt="1.png.jpg" data-cke-saved-src="/files/attach/images/130/081/306/017/83582c2fed641bd89969d980c7ea24bc.jpg" data-file-srl="17306082" editor_component="image_link" src="https://cdn.ggoorr.net/files/attach/images/130/081/306/017/83582c2fed641bd89969d980c7ea24bc.jpg" width="720px"/></br>]]></content:encoded>
      <enclosure url="https://cdn.ggoorr.net/files/attach/images/130/081/306/017/83582c2fed641bd89969d980c7ea24bc.jpg" type="image/jpeg" length="0"/>
      <wp:postmeta>
        <meta_key>_thumbnail_id</meta_key>
        <meta_value>https://cdn.ggoorr.net/files/attach/images/130/081/306/017/83582c2fed641bd89969d980c7ea24bc.jpg</meta_value>
      </wp:postmeta>
    </item>
    <item>
      <title>[11번가] 매직캔 리필봉투 20개입 / 21,600원~</title>
      <link>https://ggoorr.net/info/17306057/page/5</link>
      <category>모두</category>
      <category>기분</category>
      <dc:creator>슈파슈파</dc:creator>
      <guid isPermaLink="true">https://ggoorr.net/info/17306057/page/5</guid>
      <description></description>
      <content:encoded><![CDATA[</br><img alt="1.jpg" data-cke-saved-src="/files/attach/images/130/057/306/017/bc1c8aebadb140756d39626648d36c34.jpg" data-file-srl="17306062" editor_component="image_link" src="https://cdn.ggoorr.net/files/attach/images/130/057/306/017/bc1c8aebadb140756d39626648d36c34.jpg" width="720px"/></br></br><img alt="svg" class="['font-svg', 'font14']" data-cf-modified-eca4b17c55857d92069f5c46-="" onclick="if (!window.__cfRLUnblockHandlers) return false; info_click();" src="https://cdn.ggoorr.net/files/attach../../common/fontawesome-6.5.1/svgs/regular/circle-question.svg" width="720px"/></br>]]></content:encoded>
      <enclosure url="https://cdn.ggoorr.net/files/attach/images/130/057/306/017/bc1c8aebadb140756d39626648d36c34.jpg" type="image/jpeg" length="0"/>
      <wp:postmeta>
        <meta_key>_thumbnail_id</meta_key>
        <meta_value>https://cdn.ggoorr.net/files/attach/images/130/057/306/017/bc1c8aebadb140756d39626648d36c34.jpg</meta_value>
      </wp:postmeta>
    </item>
    <item>
      <title>[에픽게임즈] 칼리스토 프로토콜, 자이겐틱: 램페이지 에디션 / 무료 (~8/30 0시)</title>
      <link>https://ggoorr.net/info/17300609/page/5</link>
      <category>모두</category>
      <category>기분</category>
      <dc:creator>슈파슈파</dc:creator>
      <guid isPermaLink="true">https://ggoorr.net/info/17300609/page/5</guid>
      <description></description>
      <content:encoded></content:encoded>
    </item>
    <item>
      <title>[쿠팡] 오뚜기 돈까스 소스, 470g, 1개 / 2,430원 (와우회원)</title>
      <link>https://ggoorr.net/info/17300460/page/5</link>
      <category>모두</category>
      <category>기분</category>
      <dc:creator>슈파슈파</dc:creator>
      <guid isPermaLink="true">https://ggoorr.net/info/17300460/page/5</guid>
      <description></description>
      <content:encoded><![CDATA[</br><img alt="1.jpg" data-cke-saved-src="/files/attach/images/130/460/300/017/6d93adbca86b59e7214b27d8f6187984.jpg" data-file-srl="17300461" editor_component="image_link" src="https://cdn.ggoorr.net/files/attach/images/130/460/300/017/6d93adbca86b59e7214b27d8f6187984.jpg" width="720px"/></br>]]></content:encoded>
      <enclosure url="https://cdn.ggoorr.net/files/attach/images/130/460/300/017/6d93adbca86b59e7214b27d8f6187984.jpg" type="image/jpeg" length="0"/>
      <wp:postmeta>
        <meta_key>_thumbnail_id</meta_key>
        <meta_value>https://cdn.ggoorr.net/files/attach/images/130/460/300/017/6d93adbca86b59e7214b27d8f6187984.jpg</meta_value>
      </wp:postmeta>
    </item>
    <item>
      <title>[G마켓] 켈로그 리얼그래놀라 400g (파우치) 3팩 / 12,900원 (유클)</title>
      <link>https://ggoorr.net/info/17300442/page/5</link>
      <category>모두</category>
      <category>기분</category>
      <dc:creator>슈파슈파</dc:creator>
      <guid isPermaLink="true">https://ggoorr.net/info/17300442/page/5</guid>
      <description></description>
      <content:encoded><![CDATA[</br><img alt="1.jpg" data-cke-saved-src="/files/attach/images/130/442/300/017/553318401719b5b94cea978503f1695a.jpg" data-file-srl="17300443" editor_component="image_link" src="https://cdn.ggoorr.net/files/attach/images/130/442/300/017/553318401719b5b94cea978503f1695a.jpg" width="720px"/></br></br><img alt="svg" class="['font-svg', 'font14']" data-cf-modified-3e566ac83a5af06e668a23dc-="" onclick="if (!window.__cfRLUnblockHandlers) return false; info_click();" src="https://cdn.ggoorr.net/files/attach../../common/fontawesome-6.5.1/svgs/regular/circle-question.svg" width="720px"/></br>]]></content:encoded>
      <enclosure url="https://cdn.ggoorr.net/files/attach/images/130/442/300/017/553318401719b5b94cea978503f1695a.jpg" type="image/jpeg" length="0"/>
      <wp:postmeta>
        <meta_key>_thumbnail_id</meta_key>
        <meta_value>https://cdn.ggoorr.net/files/attach/images/130/442/300/017/553318401719b5b94cea978503f1695a.jpg</meta_value>
      </wp:postmeta>
    </item>
    <item>
      <title>[네이버쇼핑] 동원 통그릴 비엔나 1kg 1+1봉 / 15,210원</title>
      <link>https://ggoorr.net/info/17299926/page/5</link>
      <category>모두</category>
      <category>기분</category>
      <dc:creator>슈파슈파</dc:creator>
      <guid isPermaLink="true">https://ggoorr.net/info/17299926/page/5</guid>
      <description></description>
      <content:encoded><![CDATA[</br><img alt="1.jpg" data-cke-saved-src="/files/attach/images/130/926/299/017/940caf4e5d34cfacff4fd4d17852a27c.jpg" data-file-srl="17299927" editor_component="image_link" src="https://cdn.ggoorr.net/files/attach/images/130/926/299/017/940caf4e5d34cfacff4fd4d17852a27c.jpg" width="720px"/></br>]]></content:encoded>
      <enclosure url="https://cdn.ggoorr.net/files/attach/images/130/926/299/017/940caf4e5d34cfacff4fd4d17852a27c.jpg" type="image/jpeg" length="0"/>
      <wp:postmeta>
        <meta_key>_thumbnail_id</meta_key>
        <meta_value>https://cdn.ggoorr.net/files/attach/images/130/926/299/017/940caf4e5d34cfacff4fd4d17852a27c.jpg</meta_value>
      </wp:postmeta>
    </item>
    <item>
      <title>[홈플러스] 보리먹고 자란 돼지(캐나다산) 삼겹살 3kg / 38,840원</title>
      <link>https://ggoorr.net/info/17298849/page/5</link>
      <category>모두</category>
      <category>기분</category>
      <dc:creator>슈파슈파</dc:creator>
      <guid isPermaLink="true">https://ggoorr.net/info/17298849/page/5</guid>
      <description></description>
      <content:encoded><![CDATA[</br><img alt="1.jpg" data-cke-saved-src="/files/attach/images/130/849/298/017/bed9b71d0942c2af0ec035aed1d8ae9e.jpg" data-file-srl="17298850" editor_component="image_link" src="https://cdn.ggoorr.net/files/attach/images/130/849/298/017/bed9b71d0942c2af0ec035aed1d8ae9e.jpg" width="720px"/></br></br><img alt="svg" class="['font-svg', 'font14']" data-cf-modified-0293ee5dd61db3921238e580-="" onclick="if (!window.__cfRLUnblockHandlers) return false; info_click();" src="https://cdn.ggoorr.net/files/attach../../common/fontawesome-6.5.1/svgs/regular/circle-question.svg" width="720px"/></br>]]></content:encoded>
      <enclosure url="https://cdn.ggoorr.net/files/attach/images/130/849/298/017/bed9b71d0942c2af0ec035aed1d8ae9e.jpg" type="image/jpeg" length="0"/>
      <wp:postmeta>
        <meta_key>_thumbnail_id</meta_key>
        <meta_value>https://cdn.ggoorr.net/files/attach/images/130/849/298/017/bed9b71d0942c2af0ec035aed1d8ae9e.jpg</meta_value>
      </wp:postmeta>
    </item>
    <item>
      <title>[쿠팡]  위트빅스 오리지날 시리얼, 1.2kg, 2개 / 12,900원 (와우회원)</title>
      <link>https://ggoorr.net/info/17297757/page/5</link>
      <category>모두</category>
      <category>기분</category>
      <dc:creator>슈파슈파</dc:creator>
      <guid isPermaLink="true">https://ggoorr.net/info/17297757/page/5</guid>
      <description></description>
      <content:encoded><![CDATA[</br><img alt="1.png.jpg" data-cke-saved-src="/files/attach/images/130/757/297/017/de4c375a34794cbbf2b64e9ece161d1e.jpg" data-file-srl="17297758" editor_component="image_link" src="https://cdn.ggoorr.net/files/attach/images/130/757/297/017/de4c375a34794cbbf2b64e9ece161d1e.jpg" width="720px"/></br>]]></content:encoded>
      <enclosure url="https://cdn.ggoorr.net/files/attach/images/130/757/297/017/de4c375a34794cbbf2b64e9ece161d1e.jpg" type="image/jpeg" length="0"/>
      <wp:postmeta>
        <meta_key>_thumbnail_id</meta_key>
        <meta_value>https://cdn.ggoorr.net/files/attach/images/130/757/297/017/de4c375a34794cbbf2b64e9ece161d1e.jpg</meta_value>
      </wp:postmeta>
    </item>
    <item>
      <title>[SSG] 립톤 제로 복숭아 아이스티 355ml x 24캔 / 11,492원</title>
      <link>https://ggoorr.net/info/17280607/page/5</link>
      <category>모두</category>
      <category>기분</category>
      <dc:creator>슈파슈파</dc:creator>
      <guid isPermaLink="true">https://ggoorr.net/info/17280607/page/5</guid>
      <description></description>
      <content:encoded><![CDATA[</br><img alt="1.avif.jpg" data-cke-saved-src="/files/attach/images/130/607/280/017/11e228b79ab710e4ec3ae9504e19f4c2.jpg" data-file-srl="17280608" editor_component="image_link" src="https://cdn.ggoorr.net/files/attach/images/130/607/280/017/11e228b79ab710e4ec3ae9504e19f4c2.jpg" width="720px"/></br></br><img alt="svg" class="['font-svg', 'font14']" data-cf-modified-9bd7a7bf95a8c91976d9085b-="" onclick="if (!window.__cfRLUnblockHandlers) return false; info_click();" src="https://cdn.ggoorr.net/files/attach../../common/fontawesome-6.5.1/svgs/regular/circle-question.svg" width="720px"/></br>]]></content:encoded>
      <enclosure url="https://cdn.ggoorr.net/files/attach/images/130/607/280/017/11e228b79ab710e4ec3ae9504e19f4c2.jpg" type="image/jpeg" length="0"/>
      <wp:postmeta>
        <meta_key>_thumbnail_id</meta_key>
        <meta_value>https://cdn.ggoorr.net/files/attach/images/130/607/280/017/11e228b79ab710e4ec3ae9504e19f4c2.jpg</meta_value>
      </wp:postmeta>
    </item>
    <item>
      <title>[쿠팡] 코카콜라 조지아 오리지널 175ml, 30개 / 8,710원 (와우회원)</title>
      <link>https://ggoorr.net/info/17277644/page/5</link>
      <category>모두</category>
      <category>기분</category>
      <dc:creator>슈파슈파</dc:creator>
      <guid isPermaLink="true">https://ggoorr.net/info/17277644/page/5</guid>
      <description></description>
      <content:encoded><![CDATA[</br><img alt="1.jpg" data-cke-saved-src="/files/attach/images/130/644/277/017/47648d689f8c7220f022b11daa3bfc44.jpg" data-file-srl="17277645" editor_component="image_link" src="https://cdn.ggoorr.net/files/attach/images/130/644/277/017/47648d689f8c7220f022b11daa3bfc44.jpg" width="720px"/></br>]]></content:encoded>
      <enclosure url="https://cdn.ggoorr.net/files/attach/images/130/644/277/017/47648d689f8c7220f022b11daa3bfc44.jpg" type="image/jpeg" length="0"/>
      <wp:postmeta>
        <meta_key>_thumbnail_id</meta_key>
        <meta_value>https://cdn.ggoorr.net/files/attach/images/130/644/277/017/47648d689f8c7220f022b11daa3bfc44.jpg</meta_value>
      </wp:postmeta>
    </item>
    <item>
      <title>[쿠팡] BRAUN 시리즈 3 전기 면도기 / 39,480원 (와우회원)</title>
      <link>https://ggoorr.net/info/17277640/page/5</link>
      <category>모두</category>
      <category>기분</category>
      <dc:creator>슈파슈파</dc:creator>
      <guid isPermaLink="true">https://ggoorr.net/info/17277640/page/5</guid>
      <description></description>
      <content:encoded><![CDATA[</br><img alt="1.jpg" data-cke-saved-src="/files/attach/images/130/640/277/017/a26e97434a9c1d4c6ad3e87720182fec.jpg" data-file-srl="17277641" editor_component="image_link" src="https://cdn.ggoorr.net/files/attach/images/130/640/277/017/a26e97434a9c1d4c6ad3e87720182fec.jpg" width="720px"/></br>]]></content:encoded>
      <enclosure url="https://cdn.ggoorr.net/files/attach/images/130/640/277/017/a26e97434a9c1d4c6ad3e87720182fec.jpg" type="image/jpeg" length="0"/>
      <wp:postmeta>
        <meta_key>_thumbnail_id</meta_key>
        <meta_value>https://cdn.ggoorr.net/files/attach/images/130/640/277/017/a26e97434a9c1d4c6ad3e87720182fec.jpg</meta_value>
      </wp:postmeta>
    </item>
    <item>
      <title>[쿠팡] 롯데 칙촉, 168g, 4개 / 8,380원 (와우회원)</title>
      <link>https://ggoorr.net/info/17276615/page/5</link>
      <category>모두</category>
      <category>기분</category>
      <dc:creator>슈파슈파</dc:creator>
      <guid isPermaLink="true">https://ggoorr.net/info/17276615/page/5</guid>
      <description></description>
      <content:encoded><![CDATA[</br><img alt="1.jpg" data-cke-saved-src="/files/attach/images/130/615/276/017/2f9af0aa445c09ddb2c2feec2e621ed0.jpg" data-file-srl="17276616" editor_component="image_link" src="https://cdn.ggoorr.net/files/attach/images/130/615/276/017/2f9af0aa445c09ddb2c2feec2e621ed0.jpg" width="720px"/></br>]]></content:encoded>
      <enclosure url="https://cdn.ggoorr.net/files/attach/images/130/615/276/017/2f9af0aa445c09ddb2c2feec2e621ed0.jpg" type="image/jpeg" length="0"/>
      <wp:postmeta>
        <meta_key>_thumbnail_id</meta_key>
        <meta_value>https://cdn.ggoorr.net/files/attach/images/130/615/276/017/2f9af0aa445c09ddb2c2feec2e621ed0.jpg</meta_value>
      </wp:postmeta>
    </item>
    <item>
      <title>[네이버쇼핑] 동원 통그릴 비엔나 1kg 2봉 / 16,110원</title>
      <link>https://ggoorr.net/info/17273146/page/5</link>
      <category>모두</category>
      <category>기분</category>
      <dc:creator>슈파슈파</dc:creator>
      <guid isPermaLink="true">https://ggoorr.net/info/17273146/page/5</guid>
      <description></description>
      <content:encoded><![CDATA[</br><img alt="1.jpg" data-cke-saved-src="/files/attach/images/130/146/273/017/84e17d64399a0e6919f0ccc64b34eb34.jpg" data-file-srl="17273147" editor_component="image_link" src="https://cdn.ggoorr.net/files/attach/images/130/146/273/017/84e17d64399a0e6919f0ccc64b34eb34.jpg" width="720px"/></br>]]></content:encoded>
      <enclosure url="https://cdn.ggoorr.net/files/attach/images/130/146/273/017/84e17d64399a0e6919f0ccc64b34eb34.jpg" type="image/jpeg" length="0"/>
      <wp:postmeta>
        <meta_key>_thumbnail_id</meta_key>
        <meta_value>https://cdn.ggoorr.net/files/attach/images/130/146/273/017/84e17d64399a0e6919f0ccc64b34eb34.jpg</meta_value>
      </wp:postmeta>
    </item>
    <item>
      <title>[에픽게임즈] 시그니 올 건즈 블레이징, DNF 듀얼 / 무료 (~8/16 0시)</title>
      <link>https://ggoorr.net/info/17270315/page/5</link>
      <category>모두</category>
      <category>기분</category>
      <dc:creator>슈파슈파</dc:creator>
      <guid isPermaLink="true">https://ggoorr.net/info/17270315/page/5</guid>
      <description></description>
      <content:encoded></content:encoded>
    </item>
    <item>
      <title>[쿠팡] 크라운 죠리퐁 스낵, 74g, 3개 / 2,940원 (와우회원)</title>
      <link>https://ggoorr.net/info/17262195/page/5</link>
      <category>모두</category>
      <category>기분</category>
      <dc:creator>슈파슈파</dc:creator>
      <guid isPermaLink="true">https://ggoorr.net/info/17262195/page/5</guid>
      <description></description>
      <content:encoded><![CDATA[</br><img alt="1.jpg" data-cke-saved-src="/files/attach/images/130/195/262/017/ad3d41be96bc55fcde2b7919f10cdf01.jpg" data-file-srl="17262196" editor_component="image_link" src="https://cdn.ggoorr.net/files/attach/images/130/195/262/017/ad3d41be96bc55fcde2b7919f10cdf01.jpg" width="720px"/></br>]]></content:encoded>
      <enclosure url="https://cdn.ggoorr.net/files/attach/images/130/195/262/017/ad3d41be96bc55fcde2b7919f10cdf01.jpg" type="image/jpeg" length="0"/>
      <wp:postmeta>
        <meta_key>_thumbnail_id</meta_key>
        <meta_value>https://cdn.ggoorr.net/files/attach/images/130/195/262/017/ad3d41be96bc55fcde2b7919f10cdf01.jpg</meta_value>
      </wp:postmeta>
    </item>
    <item>
      <title>[쿠팡] 오뚜기 컵밥 참치마요덮밥, 247g, 1개 / 1,970원 (와우회원)</title>
      <link>https://ggoorr.net/info/17262191/page/5</link>
      <category>모두</category>
      <category>기분</category>
      <dc:creator>슈파슈파</dc:creator>
      <guid isPermaLink="true">https://ggoorr.net/info/17262191/page/5</guid>
      <description></description>
      <content:encoded><![CDATA[</br><img alt="1.jpg" data-cke-saved-src="/files/attach/images/130/191/262/017/b74a8dcd20b0aa23d5689c9f35d1c8ae.jpg" data-file-srl="17262192" editor_component="image_link" src="https://cdn.ggoorr.net/files/attach/images/130/191/262/017/b74a8dcd20b0aa23d5689c9f35d1c8ae.jpg" width="720px"/></br>]]></content:encoded>
      <enclosure url="https://cdn.ggoorr.net/files/attach/images/130/191/262/017/b74a8dcd20b0aa23d5689c9f35d1c8ae.jpg" type="image/jpeg" length="0"/>
      <wp:postmeta>
        <meta_key>_thumbnail_id</meta_key>
        <meta_value>https://cdn.ggoorr.net/files/attach/images/130/191/262/017/b74a8dcd20b0aa23d5689c9f35d1c8ae.jpg</meta_value>
      </wp:postmeta>
    </item>
    <item>
      <title>(품절)[G마켓] 6개월 구매이력 없는 고객 대상 17,000원 쿠폰</title>
      <link>https://ggoorr.net/info/17253826/page/5</link>
      <category>모두</category>
      <category>기분</category>
      <dc:creator>슈파슈파</dc:creator>
      <guid isPermaLink="true">https://ggoorr.net/info/17253826/page/5</guid>
      <description></description>
      <content:encoded><![CDATA[</br><img alt="svg" class="['font-svg', 'font14']" data-cf-modified-03a852aef4a4ecb96c96566a-="" onclick="if (!window.__cfRLUnblockHandlers) return false; info_click();" src="https://cdn.ggoorr.net/files/attach../../common/fontawesome-6.5.1/svgs/regular/circle-question.svg" width="720px"/></br></br><img alt="svg" class="['font-svg', 'font14']" data-cf-modified-03a852aef4a4ecb96c96566a-="" onclick="if (!window.__cfRLUnblockHandlers) return false; info_click();" src="https://cdn.ggoorr.net/files/attach../../common/fontawesome-6.5.1/svgs/regular/circle-question.svg" width="720px"/></br></br><img alt="G마켓 쿠폰.jpg" data-cke-saved-src="/files/attach/images/130/826/253/017/e0e5e3b2cb80682c952679ba2d69e621.jpg" data-file-srl="17253827" editor_component="image_link" src="https://cdn.ggoorr.net/files/attach/images/130/826/253/017/e0e5e3b2cb80682c952679ba2d69e621.jpg" width="720px"/></br></br><img alt="G마켓 쿠폰2.jpg" data-cke-saved-src="/files/attach/images/130/826/253/017/ecdf3c7c9f82a257e20766f43c56d3ea.jpg" data-file-srl="17253830" editor_component="image_link" src="https://cdn.ggoorr.net/files/attach/images/130/826/253/017/ecdf3c7c9f82a257e20766f43c56d3ea.jpg" width="720px"/></br>]]></content:encoded>
    </item>
  </channel>
</rss>
