<?xml version='1.0' encoding='UTF-8'?>
<rss xmlns:dc="http://purl.org/dc/elements/1.1/" xmlns:content="http://purl.org/rss/1.0/modules/content/" xmlns:wp="http://wordpress.org/export/1.2/" version="2.0">
  <channel>
    <title>ILBE Politics RSS Feed</title>
    <link>https://ilbe.com/</link>
    <description>RSS feed generated from ilbe.com</description>
    <lastBuildDate>Sun, 18 May 2025 03:25:32 GMT</lastBuildDate>
    <item>
      <title>■ 공지사항 ■ [ ​​​​​​​정치게시판에서는 추천을 누른 유저도 포인트가 올라갑니다. ]</title>
      <link>https://www.ilbe.com/view/11496359010</link>
      <category>모두</category>
      <category>정치</category>
      <dc:creator>슈파슈파</dc:creator>
      <guid isPermaLink="true">https://www.ilbe.com/view/11496359010</guid>
      <description></description>
      <content:encoded></content:encoded>
    </item>
    <item>
      <title>오늘 부정선거 영화 "  선관위는 신의 작품인가? " 시사회 합니다 7시에 합니다</title>
      <link>https://www.ilbe.com/view/11583753695?page=2&amp;listStyle=list</link>
      <category>모두</category>
      <category>정치</category>
      <dc:creator>슈파슈파</dc:creator>
      <guid isPermaLink="true">https://www.ilbe.com/view/11583753695?page=2&amp;listStyle=list</guid>
      <description></description>
      <content:encoded><![CDATA[</br><img width="720px" src="https://ncache.ilbe.com/files/attach/images/img/transparent.gif"/></br>]]></content:encoded>
    </item>
    <item>
      <title>지지율 조사발표는 거짓이며 대국민 세뇌용이다.</title>
      <link>https://www.ilbe.com/view/11583751734?page=2&amp;listStyle=list</link>
      <category>모두</category>
      <category>정치</category>
      <dc:creator>슈파슈파</dc:creator>
      <guid isPermaLink="true">https://www.ilbe.com/view/11583751734?page=2&amp;listStyle=list</guid>
      <description></description>
      <content:encoded></content:encoded>
    </item>
    <item>
      <title>[ 추천 ]  우파가 발전하려면 " 뇌내망상 희망회로 " 돌리는 유튜브부터 끊어야함.............</title>
      <link>https://www.ilbe.com/view/11583701770?page=2&amp;listStyle=list</link>
      <category>모두</category>
      <category>정치</category>
      <dc:creator>슈파슈파</dc:creator>
      <guid isPermaLink="true">https://www.ilbe.com/view/11583701770?page=2&amp;listStyle=list</guid>
      <description></description>
      <content:encoded></content:encoded>
      <enclosure url="https://ncache.ilbe.com/files/attach/new/20250515/377678/4628795546/11583701770/b341830262af02416be63e9357eb54c9_11583701886_poster.jpg" type="image/jpeg" length="0"/>
      <wp:postmeta>
        <meta_key>_thumbnail_id</meta_key>
        <meta_value>https://ncache.ilbe.com/files/attach/new/20250515/377678/4628795546/11583701770/b341830262af02416be63e9357eb54c9_11583701886_poster.jpg</meta_value>
      </wp:postmeta>
    </item>
    <item>
      <title>19) 오늘자 스카이데일리 1면 큰거 터졌다 ㄷㄷㄷㄷ</title>
      <link>https://www.ilbe.com/view/11583763943?page=2&amp;listStyle=list</link>
      <category>모두</category>
      <category>정치</category>
      <dc:creator>슈파슈파</dc:creator>
      <guid isPermaLink="true">https://www.ilbe.com/view/11583763943?page=2&amp;listStyle=list</guid>
      <description></description>
      <content:encoded><![CDATA[</br><img width="720px" src="https://ncache.ilbe.com/files/attach/images/img/transparent.gif"/></br></br><img width="720px" src="https://ncache.ilbe.com/files/attach/images/img/transparent.gif"/></br>]]></content:encoded>
    </item>
    <item>
      <title>[속보] 이재명 46.5% vs 김문수 39.5%</title>
      <link>https://www.ilbe.com/view/11583787615?page=2&amp;listStyle=list</link>
      <category>모두</category>
      <category>정치</category>
      <dc:creator>슈파슈파</dc:creator>
      <guid isPermaLink="true">https://www.ilbe.com/view/11583787615?page=2&amp;listStyle=list</guid>
      <description></description>
      <content:encoded><![CDATA[</br><img width="720px" src="https://ncache.ilbe.com/files/attach/images/img/transparent.gif"/></br></br><img width="720px" src="https://ncache.ilbe.com/files/attach/images/img/transparent.gif"/></br>]]></content:encoded>
    </item>
    <item>
      <title>갓준석 노인 공약 보고가라.JPG</title>
      <link>https://www.ilbe.com/view/11583694709?page=2&amp;listStyle=list</link>
      <category>모두</category>
      <category>정치</category>
      <dc:creator>슈파슈파</dc:creator>
      <guid isPermaLink="true">https://www.ilbe.com/view/11583694709?page=2&amp;listStyle=list</guid>
      <description></description>
      <content:encoded><![CDATA[</br><img width="720px" src="https://ncache.ilbe.com/files/attach/images/img/transparent.gif"/></br>]]></content:encoded>
    </item>
    <item>
      <title>대구가 김문수에게 미지근한 이유</title>
      <link>https://www.ilbe.com/view/11583755387?page=2&amp;listStyle=list</link>
      <category>모두</category>
      <category>정치</category>
      <dc:creator>슈파슈파</dc:creator>
      <guid isPermaLink="true">https://www.ilbe.com/view/11583755387?page=2&amp;listStyle=list</guid>
      <description></description>
      <content:encoded><![CDATA[</br><img width="850" height="572" src="https://ncache.ilbe.com/files/attach/new/20250516/377678/999176725/11583746097/a708bd9c09bac709e6bf73bdfe03b9c5_11583746141.jpg"/></br></br><img width="847" height="773" src="https://ncache.ilbe.com/files/attach/new/20250516/377678/999176725/11583746097/bfab7913389a7b0a9b162a713ea1f1c9_11583746198.jpg"/></br>]]></content:encoded>
      <enclosure url="https://ncache.ilbe.com/files/attach/new/20250516/377678/999176725/11583746097/a708bd9c09bac709e6bf73bdfe03b9c5_11583746141.jpg" type="image/jpeg" length="0"/>
      <wp:postmeta>
        <meta_key>_thumbnail_id</meta_key>
        <meta_value>https://ncache.ilbe.com/files/attach/new/20250516/377678/999176725/11583746097/a708bd9c09bac709e6bf73bdfe03b9c5_11583746141.jpg</meta_value>
      </wp:postmeta>
    </item>
    <item>
      <title>그라운드씨 얘는 요즘 뭐하냐???</title>
      <link>https://www.ilbe.com/view/11583722837?page=2&amp;listStyle=list</link>
      <category>모두</category>
      <category>정치</category>
      <dc:creator>슈파슈파</dc:creator>
      <guid isPermaLink="true">https://www.ilbe.com/view/11583722837?page=2&amp;listStyle=list</guid>
      <description></description>
      <content:encoded></content:encoded>
    </item>
    <item>
      <title>윤석열이 망한이유</title>
      <link>https://www.ilbe.com/view/11583677710?page=2&amp;listStyle=list</link>
      <category>모두</category>
      <category>정치</category>
      <dc:creator>슈파슈파</dc:creator>
      <guid isPermaLink="true">https://www.ilbe.com/view/11583677710?page=2&amp;listStyle=list</guid>
      <description></description>
      <content:encoded><![CDATA[</br><img width="720px" src="https://ncache.ilbe.com/files/attach/images/img/transparent.gif"/></br>]]></content:encoded>
    </item>
    <item>
      <title>전라도 사람 은 이렇게 편지 쓰나요</title>
      <link>https://www.ilbe.com/view/11583699581?page=2&amp;listStyle=list</link>
      <category>모두</category>
      <category>정치</category>
      <dc:creator>슈파슈파</dc:creator>
      <guid isPermaLink="true">https://www.ilbe.com/view/11583699581?page=2&amp;listStyle=list</guid>
      <description></description>
      <content:encoded><![CDATA[</br><img width="720px" src="https://ncache.ilbe.com/files/attach/images/img/transparent.gif"/></br>]]></content:encoded>
    </item>
    <item>
      <title>윤석열이 '버린' 사람들</title>
      <link>https://www.ilbe.com/view/11583713896?page=2&amp;listStyle=list</link>
      <category>모두</category>
      <category>정치</category>
      <dc:creator>슈파슈파</dc:creator>
      <guid isPermaLink="true">https://www.ilbe.com/view/11583713896?page=2&amp;listStyle=list</guid>
      <description></description>
      <content:encoded><![CDATA[</br><img width="720px" src="https://ncache.ilbe.com/files/attach/images/img/transparent.gif"/></br>]]></content:encoded>
    </item>
    <item>
      <title>윤석열 '김문수'도 협박 들어감 ㅋㅋㅋ</title>
      <link>https://www.ilbe.com/view/11583742593?page=2&amp;listStyle=list</link>
      <category>모두</category>
      <category>정치</category>
      <dc:creator>슈파슈파</dc:creator>
      <guid isPermaLink="true">https://www.ilbe.com/view/11583742593?page=2&amp;listStyle=list</guid>
      <description></description>
      <content:encoded><![CDATA[</br><img width="720px" src="https://ncache.ilbe.com/files/attach/images/img/transparent.gif"/></br>]]></content:encoded>
    </item>
    <item>
      <title>결국 김문수가 이길꺼같누 ㅋㅋㅋㅋㅋㅋㅋㅋㅋ</title>
      <link>https://www.ilbe.com/view/11583751800?page=2&amp;listStyle=list</link>
      <category>모두</category>
      <category>정치</category>
      <dc:creator>슈파슈파</dc:creator>
      <guid isPermaLink="true">https://www.ilbe.com/view/11583751800?page=2&amp;listStyle=list</guid>
      <description></description>
      <content:encoded></content:encoded>
    </item>
    <item>
      <title>이재명 만난 김상욱.JPG</title>
      <link>https://www.ilbe.com/view/11583755719?page=2&amp;listStyle=list</link>
      <category>모두</category>
      <category>정치</category>
      <dc:creator>슈파슈파</dc:creator>
      <guid isPermaLink="true">https://www.ilbe.com/view/11583755719?page=2&amp;listStyle=list</guid>
      <description></description>
      <content:encoded><![CDATA[</br><img width="720px" src="https://ncache.ilbe.com/files/attach/images/img/transparent.gif"/></br></br><img width="720px" src="https://ncache.ilbe.com/files/attach/images/img/transparent.gif"/></br></br><img width="720px" src="https://ncache.ilbe.com/files/attach/images/img/transparent.gif"/></br>]]></content:encoded>
    </item>
    <item>
      <title>19) 김세의 "김문수 지지하는 정신병자들 꺼져" ㄷㄷㄷ.MP4</title>
      <link>https://www.ilbe.com/view/11583749446?page=2&amp;listStyle=list</link>
      <category>모두</category>
      <category>정치</category>
      <dc:creator>슈파슈파</dc:creator>
      <guid isPermaLink="true">https://www.ilbe.com/view/11583749446?page=2&amp;listStyle=list</guid>
      <description></description>
      <content:encoded></content:encoded>
      <enclosure url="https://ncache.ilbe.com/files/attach/new/20250516/377678/11329897848/11583749446/7ec4ccf444f87b787b62ce2304f308d7_11583749453_poster.jpg" type="image/jpeg" length="0"/>
      <wp:postmeta>
        <meta_key>_thumbnail_id</meta_key>
        <meta_value>https://ncache.ilbe.com/files/attach/new/20250516/377678/11329897848/11583749446/7ec4ccf444f87b787b62ce2304f308d7_11583749453_poster.jpg</meta_value>
      </wp:postmeta>
    </item>
    <item>
      <title>김상욱 근황 미쳤노 ㅋㅋㅋㅋㅋㅋㅋㅋㅋㅋㅋㅋㅋㅋ</title>
      <link>https://www.ilbe.com/view/11583757221?page=2&amp;listStyle=list</link>
      <category>모두</category>
      <category>정치</category>
      <dc:creator>슈파슈파</dc:creator>
      <guid isPermaLink="true">https://www.ilbe.com/view/11583757221?page=2&amp;listStyle=list</guid>
      <description></description>
      <content:encoded><![CDATA[</br><img width="720px" src="https://ncache.ilbe.com/files/attach/images/img/transparent.gif"/></br></br><img width="720px" src="https://ncache.ilbe.com/files/attach/images/img/transparent.gif"/></br>]]></content:encoded>
    </item>
    <item>
      <title>이재명 지지자만큼 미친놈이 윤석열 지지자다.</title>
      <link>https://www.ilbe.com/view/11583705424?page=2&amp;listStyle=list</link>
      <category>모두</category>
      <category>정치</category>
      <dc:creator>슈파슈파</dc:creator>
      <guid isPermaLink="true">https://www.ilbe.com/view/11583705424?page=2&amp;listStyle=list</guid>
      <description></description>
      <content:encoded></content:encoded>
    </item>
    <item>
      <title>더민주당은 무조건 안 된다.</title>
      <link>https://www.ilbe.com/view/11583704128?page=2&amp;listStyle=list</link>
      <category>모두</category>
      <category>정치</category>
      <dc:creator>슈파슈파</dc:creator>
      <guid isPermaLink="true">https://www.ilbe.com/view/11583704128?page=2&amp;listStyle=list</guid>
      <description></description>
      <content:encoded></content:encoded>
    </item>
    <item>
      <title>[경축] 위장보수 가세련 소유권 장사의신으로 이전</title>
      <link>https://www.ilbe.com/view/11583700245?page=2&amp;listStyle=list</link>
      <category>모두</category>
      <category>정치</category>
      <dc:creator>슈파슈파</dc:creator>
      <guid isPermaLink="true">https://www.ilbe.com/view/11583700245?page=2&amp;listStyle=list</guid>
      <description></description>
      <content:encoded></content:encoded>
    </item>
    <item>
      <title>김상욱 배신으로 한뚜껑계의 주장이 힘을 잃어버림.</title>
      <link>https://www.ilbe.com/view/11583695490?page=2&amp;listStyle=list</link>
      <category>모두</category>
      <category>정치</category>
      <dc:creator>슈파슈파</dc:creator>
      <guid isPermaLink="true">https://www.ilbe.com/view/11583695490?page=2&amp;listStyle=list</guid>
      <description></description>
      <content:encoded></content:encoded>
    </item>
    <item>
      <title>찢죄명 30명 줄탄핵으로 윤석열식물정부 만들어 놓고!!!</title>
      <link>https://www.ilbe.com/view/11583674642?page=2&amp;listStyle=list</link>
      <category>모두</category>
      <category>정치</category>
      <dc:creator>슈파슈파</dc:creator>
      <guid isPermaLink="true">https://www.ilbe.com/view/11583674642?page=2&amp;listStyle=list</guid>
      <description></description>
      <content:encoded></content:encoded>
    </item>
    <item>
      <title>이재명 지지율이 50%인 이유</title>
      <link>https://www.ilbe.com/view/11583619771?page=2&amp;listStyle=list</link>
      <category>모두</category>
      <category>정치</category>
      <dc:creator>슈파슈파</dc:creator>
      <guid isPermaLink="true">https://www.ilbe.com/view/11583619771?page=2&amp;listStyle=list</guid>
      <description></description>
      <content:encoded><![CDATA[</br><img width="720px" src="https://ncache.ilbe.com/files/attach/images/img/transparent.gif"/></br>]]></content:encoded>
    </item>
    <item>
      <title>홍준표 팬카페 근황ㄷㄷㄷㄷ 문수대통</title>
      <link>https://www.ilbe.com/view/11583689376?page=2&amp;listStyle=list</link>
      <category>모두</category>
      <category>정치</category>
      <dc:creator>슈파슈파</dc:creator>
      <guid isPermaLink="true">https://www.ilbe.com/view/11583689376?page=2&amp;listStyle=list</guid>
      <description></description>
      <content:encoded><![CDATA[</br><img width="720px" src="https://ncache.ilbe.com/files/attach/images/img/transparent.gif"/></br>]]></content:encoded>
    </item>
    <item>
      <title>노인 딜레마.</title>
      <link>https://www.ilbe.com/view/11583530344?page=2&amp;listStyle=list</link>
      <category>모두</category>
      <category>정치</category>
      <dc:creator>슈파슈파</dc:creator>
      <guid isPermaLink="true">https://www.ilbe.com/view/11583530344?page=2&amp;listStyle=list</guid>
      <description></description>
      <content:encoded></content:encoded>
    </item>
    <item>
      <title>장문) 좌파들은 일베 틀딱들에게 고마워하고있음</title>
      <link>https://www.ilbe.com/view/11583609562?page=2&amp;listStyle=list</link>
      <category>모두</category>
      <category>정치</category>
      <dc:creator>슈파슈파</dc:creator>
      <guid isPermaLink="true">https://www.ilbe.com/view/11583609562?page=2&amp;listStyle=list</guid>
      <description></description>
      <content:encoded><![CDATA[</br><img width="720px" src="https://ncache.ilbe.com/files/attach/images/img/transparent.gif"/></br>]]></content:encoded>
    </item>
    <item>
      <title>이재명지지율 사실이냐?</title>
      <link>https://www.ilbe.com/view/11583557055?page=2&amp;listStyle=list</link>
      <category>모두</category>
      <category>정치</category>
      <dc:creator>슈파슈파</dc:creator>
      <guid isPermaLink="true">https://www.ilbe.com/view/11583557055?page=2&amp;listStyle=list</guid>
      <description></description>
      <content:encoded></content:encoded>
    </item>
    <item>
      <title>이재명의 집안 이력서</title>
      <link>https://www.ilbe.com/view/11583657887?page=2&amp;listStyle=list</link>
      <category>모두</category>
      <category>정치</category>
      <dc:creator>슈파슈파</dc:creator>
      <guid isPermaLink="true">https://www.ilbe.com/view/11583657887?page=2&amp;listStyle=list</guid>
      <description></description>
      <content:encoded></content:encoded>
    </item>
    <item>
      <title>속보)윤1두창, 김문수에게 격노 ㅋㅋㅋ</title>
      <link>https://www.ilbe.com/view/11583649420?page=2&amp;listStyle=list</link>
      <category>모두</category>
      <category>정치</category>
      <dc:creator>슈파슈파</dc:creator>
      <guid isPermaLink="true">https://www.ilbe.com/view/11583649420?page=2&amp;listStyle=list</guid>
      <description></description>
      <content:encoded><![CDATA[</br><img width="720px" src="https://ncache.ilbe.com/files/attach/images/img/transparent.gif"/></br>]]></content:encoded>
    </item>
    <item>
      <title>찢이 찢기는 현수막</title>
      <link>https://www.ilbe.com/view/11583537133?page=2&amp;listStyle=list</link>
      <category>모두</category>
      <category>정치</category>
      <dc:creator>슈파슈파</dc:creator>
      <guid isPermaLink="true">https://www.ilbe.com/view/11583537133?page=2&amp;listStyle=list</guid>
      <description></description>
      <content:encoded></content:encoded>
    </item>
    <item>
      <title>이재명은 살인자, 전과자 이런 구호 외치지 않는게 이상하지 않냐?</title>
      <link>https://www.ilbe.com/view/11583597242?page=2&amp;listStyle=list</link>
      <category>모두</category>
      <category>정치</category>
      <dc:creator>슈파슈파</dc:creator>
      <guid isPermaLink="true">https://www.ilbe.com/view/11583597242?page=2&amp;listStyle=list</guid>
      <description></description>
      <content:encoded></content:encoded>
    </item>
    <item>
      <title>■ 공지사항 ■ [ ​​​​​​​정치게시판에서는 추천을 누른 유저도 포인트가 올라갑니다. ]</title>
      <link>https://www.ilbe.com/view/11496359010</link>
      <category>모두</category>
      <category>정치</category>
      <dc:creator>슈파슈파</dc:creator>
      <guid isPermaLink="true">https://www.ilbe.com/view/11496359010-31</guid>
      <description></description>
      <content:encoded></content:encoded>
    </item>
    <item>
      <title>앞으로 리재명 선거유세현장 다들 숫자 집계 바람.</title>
      <link>https://www.ilbe.com/view/11583533733?page=3&amp;listStyle=list</link>
      <category>모두</category>
      <category>정치</category>
      <dc:creator>슈파슈파</dc:creator>
      <guid isPermaLink="true">https://www.ilbe.com/view/11583533733?page=3&amp;listStyle=list</guid>
      <description></description>
      <content:encoded></content:encoded>
    </item>
    <item>
      <title>황교안 후보님한테 문자 왔다</title>
      <link>https://www.ilbe.com/view/11583439046?page=3&amp;listStyle=list</link>
      <category>모두</category>
      <category>정치</category>
      <dc:creator>슈파슈파</dc:creator>
      <guid isPermaLink="true">https://www.ilbe.com/view/11583439046?page=3&amp;listStyle=list</guid>
      <description></description>
      <content:encoded><![CDATA[</br><img width="720px" src="https://ncache.ilbe.com/files/attach/images/img/transparent.gif"/></br>]]></content:encoded>
    </item>
    <item>
      <title>현재 리재명 유세 숫자가 확보 안 되서 짱퀴로 채우고 있다는 제보</title>
      <link>https://www.ilbe.com/view/11583541719?page=3&amp;listStyle=list</link>
      <category>모두</category>
      <category>정치</category>
      <dc:creator>슈파슈파</dc:creator>
      <guid isPermaLink="true">https://www.ilbe.com/view/11583541719?page=3&amp;listStyle=list</guid>
      <description></description>
      <content:encoded><![CDATA[</br><img width="720px" src="https://ncache.ilbe.com/files/attach/images/img/transparent.gif"/></br>]]></content:encoded>
    </item>
    <item>
      <title>리재명 지지율이 완전 구라인 이유</title>
      <link>https://www.ilbe.com/view/11583604286?page=3&amp;listStyle=list</link>
      <category>모두</category>
      <category>정치</category>
      <dc:creator>슈파슈파</dc:creator>
      <guid isPermaLink="true">https://www.ilbe.com/view/11583604286?page=3&amp;listStyle=list</guid>
      <description></description>
      <content:encoded><![CDATA[</br><img width="720px" src="https://ncache.ilbe.com/files/attach/images/img/transparent.gif"/></br>]]></content:encoded>
    </item>
    <item>
      <title>서울 홍어 분포도</title>
      <link>https://www.ilbe.com/view/11583499621?page=3&amp;listStyle=list</link>
      <category>모두</category>
      <category>정치</category>
      <dc:creator>슈파슈파</dc:creator>
      <guid isPermaLink="true">https://www.ilbe.com/view/11583499621?page=3&amp;listStyle=list</guid>
      <description></description>
      <content:encoded><![CDATA[</br><img width="720px" src="https://ncache.ilbe.com/files/attach/images/img/transparent.gif"/></br></br><img width="720px" src="https://ncache.ilbe.com/files/attach/images/img/transparent.gif"/></br>]]></content:encoded>
    </item>
    <item>
      <title>홍준표 이씨발 틀니새끼 ㅋㅋㅋ</title>
      <link>https://www.ilbe.com/view/11583522319?page=3&amp;listStyle=list</link>
      <category>모두</category>
      <category>정치</category>
      <dc:creator>슈파슈파</dc:creator>
      <guid isPermaLink="true">https://www.ilbe.com/view/11583522319?page=3&amp;listStyle=list</guid>
      <description></description>
      <content:encoded><![CDATA[</br><img width="720px" src="https://ncache.ilbe.com/files/attach/images/img/transparent.gif"/></br>]]></content:encoded>
    </item>
    <item>
      <title>대선 얼마안남았다 부정선거 보고가라</title>
      <link>https://www.ilbe.com/view/11583480500?page=3&amp;listStyle=list</link>
      <category>모두</category>
      <category>정치</category>
      <dc:creator>슈파슈파</dc:creator>
      <guid isPermaLink="true">https://www.ilbe.com/view/11583480500?page=3&amp;listStyle=list</guid>
      <description></description>
      <content:encoded><![CDATA[</br><img width="720px" src="https://ncache.ilbe.com/files/attach/images/img/transparent.gif"/></br>]]></content:encoded>
    </item>
    <item>
      <title>석열이형 이러다 다죽어!</title>
      <link>https://www.ilbe.com/view/11583549204?page=3&amp;listStyle=list</link>
      <category>모두</category>
      <category>정치</category>
      <dc:creator>슈파슈파</dc:creator>
      <guid isPermaLink="true">https://www.ilbe.com/view/11583549204?page=3&amp;listStyle=list</guid>
      <description></description>
      <content:encoded><![CDATA[</br><img width="720px" src="https://ncache.ilbe.com/files/attach/images/img/transparent.gif"/></br>]]></content:encoded>
    </item>
    <item>
      <title>레드홍 이 새끼가 리재명과 연대하려는 진짜 이유</title>
      <link>https://www.ilbe.com/view/11583481879?page=3&amp;listStyle=list</link>
      <category>모두</category>
      <category>정치</category>
      <dc:creator>슈파슈파</dc:creator>
      <guid isPermaLink="true">https://www.ilbe.com/view/11583481879?page=3&amp;listStyle=list</guid>
      <description></description>
      <content:encoded></content:encoded>
    </item>
    <item>
      <title>윤석열이 다 이겼다고 한 이유.</title>
      <link>https://www.ilbe.com/view/11583470577?page=3&amp;listStyle=list</link>
      <category>모두</category>
      <category>정치</category>
      <dc:creator>슈파슈파</dc:creator>
      <guid isPermaLink="true">https://www.ilbe.com/view/11583470577?page=3&amp;listStyle=list</guid>
      <description></description>
      <content:encoded><![CDATA[</br><img width="720px" src="https://ncache.ilbe.com/files/attach/images/img/transparent.gif"/></br>]]></content:encoded>
    </item>
    <item>
      <title>윤석열 마누라 특징</title>
      <link>https://www.ilbe.com/view/11583500660?page=3&amp;listStyle=list</link>
      <category>모두</category>
      <category>정치</category>
      <dc:creator>슈파슈파</dc:creator>
      <guid isPermaLink="true">https://www.ilbe.com/view/11583500660?page=3&amp;listStyle=list</guid>
      <description></description>
      <content:encoded><![CDATA[</br><img width="720px" src="https://ncache.ilbe.com/files/attach/images/img/transparent.gif"/></br>]]></content:encoded>
    </item>
    <item>
      <title>19) 김세의, 김문수 쌍욕참기 ㅋㅋㅋㅋㅋㅋ.MP4</title>
      <link>https://www.ilbe.com/view/11583366197?page=3&amp;listStyle=list</link>
      <category>모두</category>
      <category>정치</category>
      <dc:creator>슈파슈파</dc:creator>
      <guid isPermaLink="true">https://www.ilbe.com/view/11583366197?page=3&amp;listStyle=list</guid>
      <description></description>
      <content:encoded></content:encoded>
      <enclosure url="https://ncache.ilbe.com/files/attach/new/20250512/377678/11329897848/11583366197/d54c6b2d001882fc0fad67a92dd833f1_11583366275_poster.jpg" type="image/jpeg" length="0"/>
      <wp:postmeta>
        <meta_key>_thumbnail_id</meta_key>
        <meta_value>https://ncache.ilbe.com/files/attach/new/20250512/377678/11329897848/11583366197/d54c6b2d001882fc0fad67a92dd833f1_11583366275_poster.jpg</meta_value>
      </wp:postmeta>
    </item>
    <item>
      <title>홍준표 지지세력 모임 근황 ㅋㅋ</title>
      <link>https://www.ilbe.com/view/11583414173?page=3&amp;listStyle=list</link>
      <category>모두</category>
      <category>정치</category>
      <dc:creator>슈파슈파</dc:creator>
      <guid isPermaLink="true">https://www.ilbe.com/view/11583414173?page=3&amp;listStyle=list</guid>
      <description></description>
      <content:encoded><![CDATA[</br><img width="720px" src="https://ncache.ilbe.com/files/attach/images/img/transparent.gif"/></br>]]></content:encoded>
    </item>
    <item>
      <title>&lt;속보&gt; 홍준표 팬, 노빠꾸보소 ㅋㅋㅋㅋㅋㅋ. JPG</title>
      <link>https://www.ilbe.com/view/11583461793?page=3&amp;listStyle=list</link>
      <category>모두</category>
      <category>정치</category>
      <dc:creator>슈파슈파</dc:creator>
      <guid isPermaLink="true">https://www.ilbe.com/view/11583461793?page=3&amp;listStyle=list</guid>
      <description></description>
      <content:encoded><![CDATA[</br><img width="720px" src="https://ncache.ilbe.com/files/attach/images/img/transparent.gif"/></br></br><img width="720px" src="https://ncache.ilbe.com/files/attach/images/img/transparent.gif"/></br>]]></content:encoded>
    </item>
    <item>
      <title>일주일 후 李 45% vs 金 45% 된다...</title>
      <link>https://www.ilbe.com/view/11583413876?page=3&amp;listStyle=list</link>
      <category>모두</category>
      <category>정치</category>
      <dc:creator>슈파슈파</dc:creator>
      <guid isPermaLink="true">https://www.ilbe.com/view/11583413876?page=3&amp;listStyle=list</guid>
      <description></description>
      <content:encoded></content:encoded>
    </item>
    <item>
      <title>이통 구미에서 박정희 소환 ㄷㄷㄷ</title>
      <link>https://www.ilbe.com/view/11583457953?page=3&amp;listStyle=list</link>
      <category>모두</category>
      <category>정치</category>
      <dc:creator>슈파슈파</dc:creator>
      <guid isPermaLink="true">https://www.ilbe.com/view/11583457953?page=3&amp;listStyle=list</guid>
      <description></description>
      <content:encoded><![CDATA[</br><img width="720px" src="https://ncache.ilbe.com/files/attach/images/img/transparent.gif"/></br>]]></content:encoded>
    </item>
    <item>
      <title>차기 영부인 특징 ㅋㅋㅋㅋㅋ</title>
      <link>https://www.ilbe.com/view/11583410135?page=3&amp;listStyle=list</link>
      <category>모두</category>
      <category>정치</category>
      <dc:creator>슈파슈파</dc:creator>
      <guid isPermaLink="true">https://www.ilbe.com/view/11583410135?page=3&amp;listStyle=list</guid>
      <description></description>
      <content:encoded><![CDATA[</br><img width="720px" src="https://ncache.ilbe.com/files/attach/images/img/transparent.gif"/></br></br><img width="720px" src="https://ncache.ilbe.com/files/attach/images/img/transparent.gif"/></br>]]></content:encoded>
    </item>
    <item>
      <title>홍준표 지지자 모임 홍사모 찢재명 지지선언ㄷㄷ</title>
      <link>https://www.ilbe.com/view/11583411022?page=3&amp;listStyle=list</link>
      <category>모두</category>
      <category>정치</category>
      <dc:creator>슈파슈파</dc:creator>
      <guid isPermaLink="true">https://www.ilbe.com/view/11583411022?page=3&amp;listStyle=list</guid>
      <description></description>
      <content:encoded><![CDATA[</br><img width="720px" src="https://ncache.ilbe.com/files/attach/images/img/transparent.gif"/></br>]]></content:encoded>
    </item>
    <item>
      <title>[긴급속보] 홍준표 ㄷㄷㄷㄷㄷ</title>
      <link>https://www.ilbe.com/view/11583405530?page=3&amp;listStyle=list</link>
      <category>모두</category>
      <category>정치</category>
      <dc:creator>슈파슈파</dc:creator>
      <guid isPermaLink="true">https://www.ilbe.com/view/11583405530?page=3&amp;listStyle=list</guid>
      <description></description>
      <content:encoded><![CDATA[</br><img width="720px" src="https://ncache.ilbe.com/files/attach/images/img/transparent.gif"/></br></br><img width="720px" src="https://ncache.ilbe.com/files/attach/images/img/transparent.gif"/></br></br><img width="720px" src="https://ncache.ilbe.com/files/attach/images/img/transparent.gif"/></br>]]></content:encoded>
    </item>
    <item>
      <title>홍준표 열받는 건 알겠는데 이러면 안되지</title>
      <link>https://www.ilbe.com/view/11583449782?page=3&amp;listStyle=list</link>
      <category>모두</category>
      <category>정치</category>
      <dc:creator>슈파슈파</dc:creator>
      <guid isPermaLink="true">https://www.ilbe.com/view/11583449782?page=3&amp;listStyle=list</guid>
      <description></description>
      <content:encoded><![CDATA[</br><img width="945" height="961" src="https://ncache.ilbe.com/files/attach/new/20250513/377678/11354126216/11583449223/473e0f1b819c27764aeff892f7a421ad_11583449238.jpeg"/></br>]]></content:encoded>
      <enclosure url="https://ncache.ilbe.com/files/attach/new/20250513/377678/11354126216/11583449223/473e0f1b819c27764aeff892f7a421ad_11583449238.jpeg" type="image/jpeg" length="0"/>
      <wp:postmeta>
        <meta_key>_thumbnail_id</meta_key>
        <meta_value>https://ncache.ilbe.com/files/attach/new/20250513/377678/11354126216/11583449223/473e0f1b819c27764aeff892f7a421ad_11583449238.jpeg</meta_value>
      </wp:postmeta>
    </item>
    <item>
      <title>부정선거는 벌써 다 잊었냐</title>
      <link>https://www.ilbe.com/view/11583368104?page=3&amp;listStyle=list</link>
      <category>모두</category>
      <category>정치</category>
      <dc:creator>슈파슈파</dc:creator>
      <guid isPermaLink="true">https://www.ilbe.com/view/11583368104?page=3&amp;listStyle=list</guid>
      <description></description>
      <content:encoded></content:encoded>
    </item>
    <item>
      <title>홍사모 이재명 지지선언 ㅋㅋㅋㅋ</title>
      <link>https://www.ilbe.com/view/11583415619?page=3&amp;listStyle=list</link>
      <category>모두</category>
      <category>정치</category>
      <dc:creator>슈파슈파</dc:creator>
      <guid isPermaLink="true">https://www.ilbe.com/view/11583415619?page=3&amp;listStyle=list</guid>
      <description></description>
      <content:encoded><![CDATA[</br><img width="720px" src="https://ncache.ilbe.com/files/attach/images/img/transparent.gif"/></br>]]></content:encoded>
    </item>
    <item>
      <title>우파라고 믿었던 사람이</title>
      <link>https://www.ilbe.com/view/11583365999?page=3&amp;listStyle=list</link>
      <category>모두</category>
      <category>정치</category>
      <dc:creator>슈파슈파</dc:creator>
      <guid isPermaLink="true">https://www.ilbe.com/view/11583365999?page=3&amp;listStyle=list</guid>
      <description></description>
      <content:encoded></content:encoded>
    </item>
    <item>
      <title>차기 영부인 보고가라.JPG</title>
      <link>https://www.ilbe.com/view/11583418483?page=3&amp;listStyle=list</link>
      <category>모두</category>
      <category>정치</category>
      <dc:creator>슈파슈파</dc:creator>
      <guid isPermaLink="true">https://www.ilbe.com/view/11583418483?page=3&amp;listStyle=list</guid>
      <description></description>
      <content:encoded><![CDATA[</br><img width="720px" src="https://thumb.mt.co.kr/06/2025/05/2025050215563974265_1.jpg" alt="단독]"/></br></br><img width="720px" src="https://www.chosun.com/resizer/v2/YBD7EZQC6FCXNMA5NJ4YTIBWVU.jpg?auth=09b74e88ea80851d4ac8e78efb1913431f531d21ea84cf5a0d5bec6f3c1472af&width=616" alt="노동운동 동지서 부부로... 김문수가 후보 된 후 무대로 부른 그녀는"/></br>]]></content:encoded>
      <enclosure url="https://thumb.mt.co.kr/06/2025/05/2025050215563974265_1.jpg" type="image/jpeg" length="0"/>
      <wp:postmeta>
        <meta_key>_thumbnail_id</meta_key>
        <meta_value>https://thumb.mt.co.kr/06/2025/05/2025050215563974265_1.jpg</meta_value>
      </wp:postmeta>
    </item>
    <item>
      <title>19) 오늘자 윤썩열 근황 ㅋㅋㅋㅋㅋㅋㅋ.JPG</title>
      <link>https://www.ilbe.com/view/11583356573?page=3&amp;listStyle=list</link>
      <category>모두</category>
      <category>정치</category>
      <dc:creator>슈파슈파</dc:creator>
      <guid isPermaLink="true">https://www.ilbe.com/view/11583356573?page=3&amp;listStyle=list</guid>
      <description></description>
      <content:encoded><![CDATA[</br><img width="720px" src="https://ncache.ilbe.com/files/attach/images/img/transparent.gif"/></br>]]></content:encoded>
    </item>
    <item>
      <title>김문수가 사과한 진짜 이유</title>
      <link>https://www.ilbe.com/view/11583371117?page=3&amp;listStyle=list</link>
      <category>모두</category>
      <category>정치</category>
      <dc:creator>슈파슈파</dc:creator>
      <guid isPermaLink="true">https://www.ilbe.com/view/11583371117?page=3&amp;listStyle=list</guid>
      <description></description>
      <content:encoded></content:encoded>
    </item>
    <item>
      <title>귀찮아 도 당일 투표 해라</title>
      <link>https://www.ilbe.com/view/11583362883?page=3&amp;listStyle=list</link>
      <category>모두</category>
      <category>정치</category>
      <dc:creator>슈파슈파</dc:creator>
      <guid isPermaLink="true">https://www.ilbe.com/view/11583362883?page=3&amp;listStyle=list</guid>
      <description></description>
      <content:encoded><![CDATA[</br><img width="720px" src="https://ncache.ilbe.com/files/attach/images/img/transparent.gif"/></br>]]></content:encoded>
    </item>
    <item>
      <title>이재명은 중국인이다</title>
      <link>https://www.ilbe.com/view/11583371107?page=3&amp;listStyle=list</link>
      <category>모두</category>
      <category>정치</category>
      <dc:creator>슈파슈파</dc:creator>
      <guid isPermaLink="true">https://www.ilbe.com/view/11583371107?page=3&amp;listStyle=list</guid>
      <description></description>
      <content:encoded></content:encoded>
    </item>
    <item>
      <title>트럼프 개병신 ㅋㅋㅋ</title>
      <link>https://www.ilbe.com/view/11583324351?page=3&amp;listStyle=list</link>
      <category>모두</category>
      <category>정치</category>
      <dc:creator>슈파슈파</dc:creator>
      <guid isPermaLink="true">https://www.ilbe.com/view/11583324351?page=3&amp;listStyle=list</guid>
      <description></description>
      <content:encoded></content:encoded>
    </item>
    <item>
      <title>삐짐) 홍준표, 윤석열한테 단디 삐졌노!!!</title>
      <link>https://www.ilbe.com/view/11583332155?page=3&amp;listStyle=list</link>
      <category>모두</category>
      <category>정치</category>
      <dc:creator>슈파슈파</dc:creator>
      <guid isPermaLink="true">https://www.ilbe.com/view/11583332155?page=3&amp;listStyle=list</guid>
      <description></description>
      <content:encoded><![CDATA[</br><img width="720px" src="https://ncache.ilbe.com/files/attach/images/img/transparent.gif"/></br>]]></content:encoded>
    </item>
    <item>
      <title>■ 공지사항 ■ [ ​​​​​​​정치게시판에서는 추천을 누른 유저도 포인트가 올라갑니다. ]</title>
      <link>https://www.ilbe.com/view/11496359010</link>
      <category>모두</category>
      <category>정치</category>
      <dc:creator>슈파슈파</dc:creator>
      <guid isPermaLink="true">https://www.ilbe.com/view/11496359010-62</guid>
      <description></description>
      <content:encoded></content:encoded>
    </item>
    <item>
      <title>킹문수 계엄 사과. 틀딱들 오열</title>
      <link>https://www.ilbe.com/view/11583337666?page=4&amp;listStyle=list</link>
      <category>모두</category>
      <category>정치</category>
      <dc:creator>슈파슈파</dc:creator>
      <guid isPermaLink="true">https://www.ilbe.com/view/11583337666?page=4&amp;listStyle=list</guid>
      <description></description>
      <content:encoded><![CDATA[</br><img width="720px" src="https://ncache.ilbe.com/files/attach/images/img/transparent.gif"/></br>]]></content:encoded>
    </item>
    <item>
      <title>검찰 김건희 소환조사 예정, 불응시 체포영장 집행</title>
      <link>https://www.ilbe.com/view/11583268155?page=4&amp;listStyle=list</link>
      <category>모두</category>
      <category>정치</category>
      <dc:creator>슈파슈파</dc:creator>
      <guid isPermaLink="true">https://www.ilbe.com/view/11583268155?page=4&amp;listStyle=list</guid>
      <description></description>
      <content:encoded><![CDATA[</br><img width="720px" src="https://ncache.ilbe.com/files/attach/images/img/transparent.gif"/></br>]]></content:encoded>
    </item>
    <item>
      <title>윤석열, 페북 못고치고 올린거</title>
      <link>https://www.ilbe.com/view/11583261676?page=4&amp;listStyle=list</link>
      <category>모두</category>
      <category>정치</category>
      <dc:creator>슈파슈파</dc:creator>
      <guid isPermaLink="true">https://www.ilbe.com/view/11583261676?page=4&amp;listStyle=list</guid>
      <description></description>
      <content:encoded><![CDATA[</br><img width="720px" src="https://ncache.ilbe.com/files/attach/images/img/transparent.gif"/></br>]]></content:encoded>
    </item>
    <item>
      <title>지금 김문수 까는새끼들은 전부 좌빨분탕임ㅋㅋㅋㅋ</title>
      <link>https://www.ilbe.com/view/11583274108?page=4&amp;listStyle=list</link>
      <category>모두</category>
      <category>정치</category>
      <dc:creator>슈파슈파</dc:creator>
      <guid isPermaLink="true">https://www.ilbe.com/view/11583274108?page=4&amp;listStyle=list</guid>
      <description></description>
      <content:encoded><![CDATA[</br><img width="720px" src="https://ncache.ilbe.com/files/attach/images/img/transparent.gif"/></br>]]></content:encoded>
    </item>
    <item>
      <title>속보) 윤석열 총재</title>
      <link>https://www.ilbe.com/view/11583195218?page=4&amp;listStyle=list</link>
      <category>모두</category>
      <category>정치</category>
      <dc:creator>슈파슈파</dc:creator>
      <guid isPermaLink="true">https://www.ilbe.com/view/11583195218?page=4&amp;listStyle=list</guid>
      <description></description>
      <content:encoded><![CDATA[</br><img width="720px" src="https://ncache.ilbe.com/files/attach/images/img/transparent.gif"/></br>]]></content:encoded>
    </item>
    <item>
      <title>김문수 대통령되면 일 존나 잘할거 같지않냐?</title>
      <link>https://www.ilbe.com/view/11583190818?page=4&amp;listStyle=list</link>
      <category>모두</category>
      <category>정치</category>
      <dc:creator>슈파슈파</dc:creator>
      <guid isPermaLink="true">https://www.ilbe.com/view/11583190818?page=4&amp;listStyle=list</guid>
      <description></description>
      <content:encoded><![CDATA[</br><img width="720px" src="https://ncache.ilbe.com/files/attach/images/img/transparent.gif"/></br>]]></content:encoded>
    </item>
    <item>
      <title>사전투표는 무조건 안하고 본투표만 한다.</title>
      <link>https://www.ilbe.com/view/11583212357?page=4&amp;listStyle=list</link>
      <category>모두</category>
      <category>정치</category>
      <dc:creator>슈파슈파</dc:creator>
      <guid isPermaLink="true">https://www.ilbe.com/view/11583212357?page=4&amp;listStyle=list</guid>
      <description></description>
      <content:encoded></content:encoded>
    </item>
    <item>
      <title>[정보] 조경태 “윤석열 개시끼야 아가라 싸물어라”</title>
      <link>https://www.ilbe.com/view/11583204383?page=4&amp;listStyle=list</link>
      <category>모두</category>
      <category>정치</category>
      <dc:creator>슈파슈파</dc:creator>
      <guid isPermaLink="true">https://www.ilbe.com/view/11583204383?page=4&amp;listStyle=list</guid>
      <description></description>
      <content:encoded><![CDATA[</br><img width="720px" src="https://ncache.ilbe.com/files/attach/images/img/transparent.gif"/></br>]]></content:encoded>
    </item>
    <item>
      <title>부정선거 민경욱, 김문수 캠프 합류</title>
      <link>https://www.ilbe.com/view/11583170880?page=4&amp;listStyle=list</link>
      <category>모두</category>
      <category>정치</category>
      <dc:creator>슈파슈파</dc:creator>
      <guid isPermaLink="true">https://www.ilbe.com/view/11583170880?page=4&amp;listStyle=list</guid>
      <description></description>
      <content:encoded><![CDATA[</br><img width="720px" src="https://ncache.ilbe.com/files/attach/images/img/transparent.gif"/></br>]]></content:encoded>
    </item>
    <item>
      <title>&lt;속보&gt; 당원투표 부결, 김문수 대통령 후보 자격 회복, 권영세 사퇴</title>
      <link>https://www.ilbe.com/view/11583109829?page=4&amp;listStyle=list</link>
      <category>모두</category>
      <category>정치</category>
      <dc:creator>슈파슈파</dc:creator>
      <guid isPermaLink="true">https://www.ilbe.com/view/11583109829?page=4&amp;listStyle=list</guid>
      <description></description>
      <content:encoded></content:encoded>
    </item>
    <item>
      <title>한달전 윤석열 지금 윤석열</title>
      <link>https://www.ilbe.com/view/11583031662?page=4&amp;listStyle=list</link>
      <category>모두</category>
      <category>정치</category>
      <dc:creator>슈파슈파</dc:creator>
      <guid isPermaLink="true">https://www.ilbe.com/view/11583031662?page=4&amp;listStyle=list</guid>
      <description></description>
      <content:encoded><![CDATA[</br><img width="720px" src="https://ncache.ilbe.com/files/attach/images/img/transparent.gif"/></br></br><img width="720px" src="https://ncache.ilbe.com/files/attach/images/img/transparent.gif"/></br></br><img width="720px" src="https://ncache.ilbe.com/files/attach/images/img/transparent.gif"/></br></br><img width="720px" src="https://ncache.ilbe.com/files/attach/images/img/transparent.gif"/></br>]]></content:encoded>
    </item>
    <item>
      <title>희대의 야바위꾼들, 너희를 붕당(朋黨)이라 할 밖에...</title>
      <link>https://www.ilbe.com/view/11583016800?page=4&amp;listStyle=list</link>
      <category>모두</category>
      <category>정치</category>
      <dc:creator>슈파슈파</dc:creator>
      <guid isPermaLink="true">https://www.ilbe.com/view/11583016800?page=4&amp;listStyle=list</guid>
      <description></description>
      <content:encoded></content:encoded>
    </item>
    <item>
      <title>김문수 신드롬은 2002년 노풍을 능가하네요.</title>
      <link>https://www.ilbe.com/view/11583122136?page=4&amp;listStyle=list</link>
      <category>모두</category>
      <category>정치</category>
      <dc:creator>슈파슈파</dc:creator>
      <guid isPermaLink="true">https://www.ilbe.com/view/11583122136?page=4&amp;listStyle=list</guid>
      <description></description>
      <content:encoded></content:encoded>
    </item>
    <item>
      <title>이제 경상도는 피지배계급된거임</title>
      <link>https://www.ilbe.com/view/11583023103?page=4&amp;listStyle=list</link>
      <category>모두</category>
      <category>정치</category>
      <dc:creator>슈파슈파</dc:creator>
      <guid isPermaLink="true">https://www.ilbe.com/view/11583023103?page=4&amp;listStyle=list</guid>
      <description></description>
      <content:encoded><![CDATA[</br><img width="720px" src="https://ncache.ilbe.com/files/attach/images/img/transparent.gif"/></br>]]></content:encoded>
    </item>
    <item>
      <title>[속보] 한덕수 “이기려면 뭉쳐야 한다…저 아니면 안 된다..</title>
      <link>https://www.ilbe.com/view/11583058929?page=4&amp;listStyle=list</link>
      <category>모두</category>
      <category>정치</category>
      <dc:creator>슈파슈파</dc:creator>
      <guid isPermaLink="true">https://www.ilbe.com/view/11583058929?page=4&amp;listStyle=list</guid>
      <description></description>
      <content:encoded><![CDATA[</br><img width="720px" src="https://ncache.ilbe.com/files/attach/images/img/transparent.gif"/></br>]]></content:encoded>
    </item>
    <item>
      <title>한덕수 후보 변경 당원 투표가 부결된 결정적 사유</title>
      <link>https://www.ilbe.com/view/11583111622?page=4&amp;listStyle=list</link>
      <category>모두</category>
      <category>정치</category>
      <dc:creator>슈파슈파</dc:creator>
      <guid isPermaLink="true">https://www.ilbe.com/view/11583111622?page=4&amp;listStyle=list</guid>
      <description></description>
      <content:encoded><![CDATA[</br><img width="720px" src="https://ncache.ilbe.com/files/attach/images/img/transparent.gif"/></br>]]></content:encoded>
    </item>
    <item>
      <title>(19) 세계 최초 일베 출신 대통령 ㄷㄷㄷㄷㄷㄷㄷㄷㄷㄷㄷ</title>
      <link>https://www.ilbe.com/view/11583014230?page=4&amp;listStyle=list</link>
      <category>모두</category>
      <category>정치</category>
      <dc:creator>슈파슈파</dc:creator>
      <guid isPermaLink="true">https://www.ilbe.com/view/11583014230?page=4&amp;listStyle=list</guid>
      <description></description>
      <content:encoded><![CDATA[</br><img width="720px" src="https://ncache.ilbe.com/files/attach/images/img/transparent.gif"/></br>]]></content:encoded>
      <enclosure url="https://ncache.ilbe.com/files/attach/new/20250510/377678/10164220147/11583014230/d536200a0575e5460acbd4b9291a71a7_11583027423_poster.jpg" type="image/jpeg" length="0"/>
      <wp:postmeta>
        <meta_key>_thumbnail_id</meta_key>
        <meta_value>https://ncache.ilbe.com/files/attach/new/20250510/377678/10164220147/11583014230/d536200a0575e5460acbd4b9291a71a7_11583027423_poster.jpg</meta_value>
      </wp:postmeta>
    </item>
    <item>
      <title>이거 기획한 새끼는 ㄹㅇ 할복해라 ㅋㅋㅋㅋㅋㅋㅋㅋㅋㅋㅋㅋㅋㅋㅋㅋㅋㅋㅋㅋㅋ</title>
      <link>https://www.ilbe.com/view/11583062589?page=4&amp;listStyle=list</link>
      <category>모두</category>
      <category>정치</category>
      <dc:creator>슈파슈파</dc:creator>
      <guid isPermaLink="true">https://www.ilbe.com/view/11583062589?page=4&amp;listStyle=list</guid>
      <description></description>
      <content:encoded><![CDATA[</br><img width="720px" src="https://ncache.ilbe.com/files/attach/images/img/transparent.gif"/></br>]]></content:encoded>
    </item>
    <item>
      <title>(긴급) 한덕수 국힘당사 출근 ㄷㄷㄷㄷㄷㄷㄷㄷㄷ</title>
      <link>https://www.ilbe.com/view/11583064790?page=4&amp;listStyle=list</link>
      <category>모두</category>
      <category>정치</category>
      <dc:creator>슈파슈파</dc:creator>
      <guid isPermaLink="true">https://www.ilbe.com/view/11583064790?page=4&amp;listStyle=list</guid>
      <description></description>
      <content:encoded></content:encoded>
      <enclosure url="https://ncache.ilbe.com/files/attach/new/20250510/377678/10164220147/11583064790/6c9385669cf1c38ae4a129f8553191c2_11583064803_poster.jpg" type="image/jpeg" length="0"/>
      <wp:postmeta>
        <meta_key>_thumbnail_id</meta_key>
        <meta_value>https://ncache.ilbe.com/files/attach/new/20250510/377678/10164220147/11583064790/6c9385669cf1c38ae4a129f8553191c2_11583064803_poster.jpg</meta_value>
      </wp:postmeta>
    </item>
    <item>
      <title>보수 우파 완전 괴멸 ㅋㅋㅋㅋㅋㅋㅋㅋㅋㅋㅋㅋㅋㅋㅋ</title>
      <link>https://www.ilbe.com/view/11583072642?page=4&amp;listStyle=list</link>
      <category>모두</category>
      <category>정치</category>
      <dc:creator>슈파슈파</dc:creator>
      <guid isPermaLink="true">https://www.ilbe.com/view/11583072642?page=4&amp;listStyle=list</guid>
      <description></description>
      <content:encoded></content:encoded>
    </item>
    <item>
      <title>권성동 좃됐네 ㅋㅋㅋㅋ장제원 같은 약점 잡혔다노 ㅋㅋㅋㅋㅋㅋㅋㅋㅋ</title>
      <link>https://www.ilbe.com/view/11583054871?page=4&amp;listStyle=list</link>
      <category>모두</category>
      <category>정치</category>
      <dc:creator>슈파슈파</dc:creator>
      <guid isPermaLink="true">https://www.ilbe.com/view/11583054871?page=4&amp;listStyle=list</guid>
      <description></description>
      <content:encoded></content:encoded>
    </item>
    <item>
      <title>권영세 문자에 대한 답장</title>
      <link>https://www.ilbe.com/view/11583039762?page=4&amp;listStyle=list</link>
      <category>모두</category>
      <category>정치</category>
      <dc:creator>슈파슈파</dc:creator>
      <guid isPermaLink="true">https://www.ilbe.com/view/11583039762?page=4&amp;listStyle=list</guid>
      <description></description>
      <content:encoded><![CDATA[</br><img width="720px" src="https://ncache.ilbe.com/files/attach/images/img/transparent.gif"/></br>]]></content:encoded>
    </item>
    <item>
      <title>[속보] ‘단일화 선호도’ 역선택 김 47%·한 33%…국힘보수·무당층은 ‘한덕수’  ㄷㄷㄷ</title>
      <link>https://www.ilbe.com/view/11582969740?page=4&amp;listStyle=list</link>
      <category>모두</category>
      <category>정치</category>
      <dc:creator>슈파슈파</dc:creator>
      <guid isPermaLink="true">https://www.ilbe.com/view/11582969740?page=4&amp;listStyle=list</guid>
      <description></description>
      <content:encoded><![CDATA[</br><img width="720px" src="https://ncache.ilbe.com/files/attach/images/img/transparent.gif"/></br>]]></content:encoded>
    </item>
    <item>
      <title>이정현 전라도 홍어새끼가 박근혜 대통령 탄핵정국 당시 감옥 안간 이유</title>
      <link>https://www.ilbe.com/view/11582966045?page=4&amp;listStyle=list</link>
      <category>모두</category>
      <category>정치</category>
      <dc:creator>슈파슈파</dc:creator>
      <guid isPermaLink="true">https://www.ilbe.com/view/11582966045?page=4&amp;listStyle=list</guid>
      <description></description>
      <content:encoded></content:encoded>
    </item>
    <item>
      <title>속보)개표진행 5분만에 재매이햄 당선 확정ㄷㄷ</title>
      <link>https://www.ilbe.com/view/11583007014?page=4&amp;listStyle=list</link>
      <category>모두</category>
      <category>정치</category>
      <dc:creator>슈파슈파</dc:creator>
      <guid isPermaLink="true">https://www.ilbe.com/view/11583007014?page=4&amp;listStyle=list</guid>
      <description></description>
      <content:encoded><![CDATA[</br><img width="720px" src="https://ncache.ilbe.com/files/attach/images/img/transparent.gif"/></br>]]></content:encoded>
    </item>
    <item>
      <title>19) 홍준표 "선대위원장 안한다" ㅋㅋㅋㅋㅋㅋㅋ.JPG</title>
      <link>https://www.ilbe.com/view/11582920317?page=4&amp;listStyle=list</link>
      <category>모두</category>
      <category>정치</category>
      <dc:creator>슈파슈파</dc:creator>
      <guid isPermaLink="true">https://www.ilbe.com/view/11582920317?page=4&amp;listStyle=list</guid>
      <description></description>
      <content:encoded><![CDATA[</br><img width="720px" src="https://ncache.ilbe.com/files/attach/images/img/transparent.gif"/></br>]]></content:encoded>
    </item>
    <item>
      <title>어이~ , 김재원 비서실장님, 김문수가 역선택 방지 조항으로 당선이 된 사람 아뇨 !</title>
      <link>https://www.ilbe.com/view/11582959511?page=4&amp;listStyle=list</link>
      <category>모두</category>
      <category>정치</category>
      <dc:creator>슈파슈파</dc:creator>
      <guid isPermaLink="true">https://www.ilbe.com/view/11582959511?page=4&amp;listStyle=list</guid>
      <description></description>
      <content:encoded></content:encoded>
    </item>
    <item>
      <title>[충격] 김문수가 이렇게 합리적이고, 논리정연한 말을 할줄이야... 단일화는 등록한 놈하고 하는게 맞지 ㅋ</title>
      <link>https://www.ilbe.com/view/11582801173?page=4&amp;listStyle=list</link>
      <category>모두</category>
      <category>정치</category>
      <dc:creator>슈파슈파</dc:creator>
      <guid isPermaLink="true">https://www.ilbe.com/view/11582801173?page=4&amp;listStyle=list</guid>
      <description></description>
      <content:encoded></content:encoded>
    </item>
    <item>
      <title>미국이 부정선거 개입</title>
      <link>https://www.ilbe.com/view/11582746082?page=4&amp;listStyle=list</link>
      <category>모두</category>
      <category>정치</category>
      <dc:creator>슈파슈파</dc:creator>
      <guid isPermaLink="true">https://www.ilbe.com/view/11582746082?page=4&amp;listStyle=list</guid>
      <description></description>
      <content:encoded></content:encoded>
    </item>
    <item>
      <title>이재명 지지율은 조작이다.</title>
      <link>https://www.ilbe.com/view/11582565139?page=4&amp;listStyle=list</link>
      <category>모두</category>
      <category>정치</category>
      <dc:creator>슈파슈파</dc:creator>
      <guid isPermaLink="true">https://www.ilbe.com/view/11582565139?page=4&amp;listStyle=list</guid>
      <description></description>
      <content:encoded></content:encoded>
    </item>
    <item>
      <title>■ 공지사항 ■ [ ​​​​​​​정치게시판에서는 추천을 누른 유저도 포인트가 올라갑니다. ]</title>
      <link>https://www.ilbe.com/view/11496359010</link>
      <category>모두</category>
      <category>정치</category>
      <dc:creator>슈파슈파</dc:creator>
      <guid isPermaLink="true">https://www.ilbe.com/view/11496359010-93</guid>
      <description></description>
      <content:encoded></content:encoded>
    </item>
    <item>
      <title>홍어 아이러니</title>
      <link>https://www.ilbe.com/view/11582582780?page=5&amp;listStyle=list</link>
      <category>모두</category>
      <category>정치</category>
      <dc:creator>슈파슈파</dc:creator>
      <guid isPermaLink="true">https://www.ilbe.com/view/11582582780?page=5&amp;listStyle=list</guid>
      <description></description>
      <content:encoded><![CDATA[</br><img width="720px" src="https://ncache.ilbe.com/files/attach/images/img/transparent.gif"/></br>]]></content:encoded>
    </item>
    <item>
      <title>충격) 미국 큰거왔다 트럼프응딩이 따숩노 ㄷㄷ</title>
      <link>https://www.ilbe.com/view/11582716570?page=5&amp;listStyle=list</link>
      <category>모두</category>
      <category>정치</category>
      <dc:creator>슈파슈파</dc:creator>
      <guid isPermaLink="true">https://www.ilbe.com/view/11582716570?page=5&amp;listStyle=list</guid>
      <description></description>
      <content:encoded><![CDATA[</br><img width="720px" src="https://ncache.ilbe.com/files/attach/images/img/transparent.gif"/></br></br><img width="720px" src="https://ncache.ilbe.com/files/attach/images/img/transparent.gif"/></br></br><img width="720px" src="https://ncache.ilbe.com/files/attach/images/img/transparent.gif"/></br></br><img width="720px" src="https://ncache.ilbe.com/files/attach/images/img/transparent.gif"/></br></br><img width="720px" src="https://ncache.ilbe.com/files/attach/images/img/transparent.gif"/></br></br><img width="720px" src="https://ncache.ilbe.com/files/attach/images/img/transparent.gif"/></br></br><img width="720px" src="https://ncache.ilbe.com/files/attach/images/img/transparent.gif"/></br>]]></content:encoded>
    </item>
    <item>
      <title>Sk 최태원이도 결국 이재명 각하 영접 ㅋㅋㅋㅋㅋㅋㅋㅋㅋㄴㅋㅋㅋㅋㅋㅋㅋㅋ</title>
      <link>https://www.ilbe.com/view/11582720537?page=5&amp;listStyle=list</link>
      <category>모두</category>
      <category>정치</category>
      <dc:creator>슈파슈파</dc:creator>
      <guid isPermaLink="true">https://www.ilbe.com/view/11582720537?page=5&amp;listStyle=list</guid>
      <description></description>
      <content:encoded><![CDATA[</br><img width="720px" src="https://ncache.ilbe.com/files/attach/images/img/transparent.gif"/></br>]]></content:encoded>
    </item>
    <item>
      <title>19) 운석열 임기 3년동안 유일하게 철저하게 지킨 공약 JPG</title>
      <link>https://www.ilbe.com/view/11582563189?page=5&amp;listStyle=list</link>
      <category>모두</category>
      <category>정치</category>
      <dc:creator>슈파슈파</dc:creator>
      <guid isPermaLink="true">https://www.ilbe.com/view/11582563189?page=5&amp;listStyle=list</guid>
      <description></description>
      <content:encoded><![CDATA[</br><img width="720px" src="https://ncache.ilbe.com/files/attach/images/img/transparent.gif"/></br></br><img width="720px" src="https://ncache.ilbe.com/files/attach/images/img/transparent.gif"/></br>]]></content:encoded>
    </item>
    <item>
      <title>김문수가 언제 한덕수로 단일화 한다고 함? 병시년들ㅋㅋㅋㅋㅋ</title>
      <link>https://www.ilbe.com/view/11582680385?page=5&amp;listStyle=list</link>
      <category>모두</category>
      <category>정치</category>
      <dc:creator>슈파슈파</dc:creator>
      <guid isPermaLink="true">https://www.ilbe.com/view/11582680385?page=5&amp;listStyle=list</guid>
      <description></description>
      <content:encoded></content:encoded>
    </item>
    <item>
      <title>김문수 : 나라 위기일땐 광장 우파 세력과도 손잡아야</title>
      <link>https://www.ilbe.com/view/11582688473?page=5&amp;listStyle=list</link>
      <category>모두</category>
      <category>정치</category>
      <dc:creator>슈파슈파</dc:creator>
      <guid isPermaLink="true">https://www.ilbe.com/view/11582688473?page=5&amp;listStyle=list</guid>
      <description></description>
      <content:encoded><![CDATA[</br><img width="720px" src="https://ncache.ilbe.com/files/attach/images/img/transparent.gif"/></br>]]></content:encoded>
    </item>
    <item>
      <title>19) 호구들 등쳐먹고 속인 남자 얼굴</title>
      <link>https://www.ilbe.com/view/11582595918?page=5&amp;listStyle=list</link>
      <category>모두</category>
      <category>정치</category>
      <dc:creator>슈파슈파</dc:creator>
      <guid isPermaLink="true">https://www.ilbe.com/view/11582595918?page=5&amp;listStyle=list</guid>
      <description></description>
      <content:encoded><![CDATA[</br><img width="720px" src="https://ncache.ilbe.com/files/attach/images/img/transparent.gif"/></br>]]></content:encoded>
    </item>
    <item>
      <title>{충격} 국힘이 처음부터 한덕수를 국힘 대선후보로 민 증거</title>
      <link>https://www.ilbe.com/view/11582578085?page=5&amp;listStyle=list</link>
      <category>모두</category>
      <category>정치</category>
      <dc:creator>슈파슈파</dc:creator>
      <guid isPermaLink="true">https://www.ilbe.com/view/11582578085?page=5&amp;listStyle=list</guid>
      <description></description>
      <content:encoded><![CDATA[</br><img width="720px" src="https://ncache.ilbe.com/files/attach/images/img/transparent.gif"/></br></br><img width="720px" src="https://ncache.ilbe.com/files/attach/images/img/transparent.gif"/></br>]]></content:encoded>
    </item>
    <item>
      <title>한덕수 노망이냐? 도대체 왜 나오는거냐</title>
      <link>https://www.ilbe.com/view/11582328859?page=5&amp;listStyle=list</link>
      <category>모두</category>
      <category>정치</category>
      <dc:creator>슈파슈파</dc:creator>
      <guid isPermaLink="true">https://www.ilbe.com/view/11582328859?page=5&amp;listStyle=list</guid>
      <description></description>
      <content:encoded><![CDATA[</br><img width="720px" src="https://ncache.ilbe.com/files/attach/images/img/transparent.gif"/></br>]]></content:encoded>
    </item>
    <item>
      <title>한덕수 내세우는거 보니 국힘은 걍 망해야되</title>
      <link>https://www.ilbe.com/view/11582340527?page=5&amp;listStyle=list</link>
      <category>모두</category>
      <category>정치</category>
      <dc:creator>슈파슈파</dc:creator>
      <guid isPermaLink="true">https://www.ilbe.com/view/11582340527?page=5&amp;listStyle=list</guid>
      <description></description>
      <content:encoded><![CDATA[</br><img width="720px" src="https://ncache.ilbe.com/files/attach/images/img/transparent.gif"/></br>]]></content:encoded>
    </item>
    <item>
      <title>한덕수안되는게 이낙연.정대철이 뭐냐</title>
      <link>https://www.ilbe.com/view/11582436325?page=5&amp;listStyle=list</link>
      <category>모두</category>
      <category>정치</category>
      <dc:creator>슈파슈파</dc:creator>
      <guid isPermaLink="true">https://www.ilbe.com/view/11582436325?page=5&amp;listStyle=list</guid>
      <description></description>
      <content:encoded></content:encoded>
    </item>
    <item>
      <title>한덕수? 김문수? 대체 왜 싸우는거냐? 답이 있는데 ㅋㅋㅋㅋㅋㅋ</title>
      <link>https://www.ilbe.com/view/11582486400?page=5&amp;listStyle=list</link>
      <category>모두</category>
      <category>정치</category>
      <dc:creator>슈파슈파</dc:creator>
      <guid isPermaLink="true">https://www.ilbe.com/view/11582486400?page=5&amp;listStyle=list</guid>
      <description></description>
      <content:encoded><![CDATA[</br><img width="720px" src="https://ncache.ilbe.com/files/attach/images/img/transparent.gif"/></br></br><img width="720px" src="https://ncache.ilbe.com/files/attach/images/img/transparent.gif"/></br></br><img width="720px" src="https://ncache.ilbe.com/files/attach/images/img/transparent.gif"/></br></br><img width="720px" src="https://ncache.ilbe.com/files/attach/images/img/transparent.gif"/></br></br><img width="720px" src="https://ncache.ilbe.com/files/attach/images/img/transparent.gif"/></br></br><img width="720px" src="https://ncache.ilbe.com/files/attach/images/img/transparent.gif"/></br>]]></content:encoded>
    </item>
    <item>
      <title>이재명의 시대가 올까요..................................................???</title>
      <link>https://www.ilbe.com/view/11582518323?page=5&amp;listStyle=list</link>
      <category>모두</category>
      <category>정치</category>
      <dc:creator>슈파슈파</dc:creator>
      <guid isPermaLink="true">https://www.ilbe.com/view/11582518323?page=5&amp;listStyle=list</guid>
      <description></description>
      <content:encoded><![CDATA[</br><img width="720px" src="https://ncache.ilbe.com/files/attach/images/img/transparent.gif"/></br>]]></content:encoded>
    </item>
    <item>
      <title>심각한 찢 근황</title>
      <link>https://www.ilbe.com/view/11582497498?page=5&amp;listStyle=list</link>
      <category>모두</category>
      <category>정치</category>
      <dc:creator>슈파슈파</dc:creator>
      <guid isPermaLink="true">https://www.ilbe.com/view/11582497498?page=5&amp;listStyle=list</guid>
      <description></description>
      <content:encoded><![CDATA[</br><img width="720px" src="https://ncache.ilbe.com/files/attach/images/img/transparent.gif"/></br>]]></content:encoded>
    </item>
    <item>
      <title>윤석열 다 이기고 돌아왔다 뜻 떴다 ㄷ ㄷ ㄷ ㄷ ㄷ</title>
      <link>https://www.ilbe.com/view/11582499694?page=5&amp;listStyle=list</link>
      <category>모두</category>
      <category>정치</category>
      <dc:creator>슈파슈파</dc:creator>
      <guid isPermaLink="true">https://www.ilbe.com/view/11582499694?page=5&amp;listStyle=list</guid>
      <description></description>
      <content:encoded><![CDATA[</br><img width="720px" src="https://ncache.ilbe.com/files/attach/images/img/transparent.gif"/></br></br><img width="720px" src="https://ncache.ilbe.com/files/attach/images/img/transparent.gif"/></br>]]></content:encoded>
    </item>
    <item>
      <title>애초에 느그 씨발보지두창이가 계엄 처했을때</title>
      <link>https://www.ilbe.com/view/11582421107?page=5&amp;listStyle=list</link>
      <category>모두</category>
      <category>정치</category>
      <dc:creator>슈파슈파</dc:creator>
      <guid isPermaLink="true">https://www.ilbe.com/view/11582421107?page=5&amp;listStyle=list</guid>
      <description></description>
      <content:encoded></content:encoded>
    </item>
    <item>
      <title>홍준표 "윤­두창 뒤에서 수작 부리지 마라"</title>
      <link>https://www.ilbe.com/view/11582452150?page=5&amp;listStyle=list</link>
      <category>모두</category>
      <category>정치</category>
      <dc:creator>슈파슈파</dc:creator>
      <guid isPermaLink="true">https://www.ilbe.com/view/11582452150?page=5&amp;listStyle=list</guid>
      <description></description>
      <content:encoded><![CDATA[</br><img width="720px" src="https://ncache.ilbe.com/files/attach/images/img/transparent.gif"/></br>]]></content:encoded>
    </item>
    <item>
      <title>조병옥박사를 아십니까?민주당이 언급안하는인물</title>
      <link>https://www.ilbe.com/view/11582315407?page=5&amp;listStyle=list</link>
      <category>모두</category>
      <category>정치</category>
      <dc:creator>슈파슈파</dc:creator>
      <guid isPermaLink="true">https://www.ilbe.com/view/11582315407?page=5&amp;listStyle=list</guid>
      <description></description>
      <content:encoded><![CDATA[</br><img width="720px" src="https://ncache.ilbe.com/files/attach/images/img/transparent.gif"/></br>]]></content:encoded>
    </item>
    <item>
      <title>한덕수로 내각제 되느니 찢죄명 되는게 낫다</title>
      <link>https://www.ilbe.com/view/11582292529?page=5&amp;listStyle=list</link>
      <category>모두</category>
      <category>정치</category>
      <dc:creator>슈파슈파</dc:creator>
      <guid isPermaLink="true">https://www.ilbe.com/view/11582292529?page=5&amp;listStyle=list</guid>
      <description></description>
      <content:encoded><![CDATA[</br><img width="720px" src="https://ncache.ilbe.com/files/attach/images/img/transparent.gif"/></br>]]></content:encoded>
    </item>
    <item>
      <title>SKT 해킹 피해보상 예상금액 ㅡ(통신사 파산각 떴다)</title>
      <link>https://www.ilbe.com/view/11582093234?page=5&amp;listStyle=list</link>
      <category>모두</category>
      <category>정치</category>
      <dc:creator>슈파슈파</dc:creator>
      <guid isPermaLink="true">https://www.ilbe.com/view/11582093234?page=5&amp;listStyle=list</guid>
      <description></description>
      <content:encoded></content:encoded>
    </item>
    <item>
      <title>한가발 지지자들 상황 "이재명을 찍어야 한동훈이 삽니다"</title>
      <link>https://www.ilbe.com/view/11582159329?page=5&amp;listStyle=list</link>
      <category>모두</category>
      <category>정치</category>
      <dc:creator>슈파슈파</dc:creator>
      <guid isPermaLink="true">https://www.ilbe.com/view/11582159329?page=5&amp;listStyle=list</guid>
      <description></description>
      <content:encoded><![CDATA[</br><img width="720px" src="https://ncache.ilbe.com/files/attach/images/img/transparent.gif"/></br>]]></content:encoded>
    </item>
    <item>
      <title>서울 홍어</title>
      <link>https://www.ilbe.com/view/11582176006?page=5&amp;listStyle=list</link>
      <category>모두</category>
      <category>정치</category>
      <dc:creator>슈파슈파</dc:creator>
      <guid isPermaLink="true">https://www.ilbe.com/view/11582176006?page=5&amp;listStyle=list</guid>
      <description></description>
      <content:encoded><![CDATA[</br><img width="720px" src="https://ncache.ilbe.com/files/attach/images/img/transparent.gif"/></br>]]></content:encoded>
    </item>
    <item>
      <title>그럼에도  불구하고  대한민국이  희망적인  2가지  이유</title>
      <link>https://www.ilbe.com/view/11582169691?page=5&amp;listStyle=list</link>
      <category>모두</category>
      <category>정치</category>
      <dc:creator>슈파슈파</dc:creator>
      <guid isPermaLink="true">https://www.ilbe.com/view/11582169691?page=5&amp;listStyle=list</guid>
      <description></description>
      <content:encoded></content:encoded>
    </item>
    <item>
      <title>김정숙 문재인 압수수색 본격시작</title>
      <link>https://www.ilbe.com/view/11582153345?page=5&amp;listStyle=list</link>
      <category>모두</category>
      <category>정치</category>
      <dc:creator>슈파슈파</dc:creator>
      <guid isPermaLink="true">https://www.ilbe.com/view/11582153345?page=5&amp;listStyle=list</guid>
      <description></description>
      <content:encoded><![CDATA[</br><img width="720px" src="https://ncache.ilbe.com/files/attach/images/img/transparent.gif"/></br>]]></content:encoded>
    </item>
    <item>
      <title>위기의 탈모사 한뚜껑!!!</title>
      <link>https://www.ilbe.com/view/11582176335?page=5&amp;listStyle=list</link>
      <category>모두</category>
      <category>정치</category>
      <dc:creator>슈파슈파</dc:creator>
      <guid isPermaLink="true">https://www.ilbe.com/view/11582176335?page=5&amp;listStyle=list</guid>
      <description></description>
      <content:encoded><![CDATA[</br><img width="720px" src="https://ncache.ilbe.com/files/attach/images/img/transparent.gif"/></br></br><img width="720px" src="https://ncache.ilbe.com/files/attach/images/img/transparent.gif"/></br>]]></content:encoded>
      <enclosure url="https://ncache.ilbe.com/files/attach/new/20250504/3740218/526042078/11582176335/fcf0642731aeb444769846c10ea75df7_11582176448_poster.jpg" type="image/jpeg" length="0"/>
      <wp:postmeta>
        <meta_key>_thumbnail_id</meta_key>
        <meta_value>https://ncache.ilbe.com/files/attach/new/20250504/3740218/526042078/11582176335/fcf0642731aeb444769846c10ea75df7_11582176448_poster.jpg</meta_value>
      </wp:postmeta>
    </item>
    <item>
      <title>한동훈, 도태우 공천취소</title>
      <link>https://www.ilbe.com/view/11582169817?page=5&amp;listStyle=list</link>
      <category>모두</category>
      <category>정치</category>
      <dc:creator>슈파슈파</dc:creator>
      <guid isPermaLink="true">https://www.ilbe.com/view/11582169817?page=5&amp;listStyle=list</guid>
      <description></description>
      <content:encoded></content:encoded>
    </item>
    <item>
      <title>서울 시 구청 홍어 잠식 현황</title>
      <link>https://www.ilbe.com/view/11582178558?page=5&amp;listStyle=list</link>
      <category>모두</category>
      <category>정치</category>
      <dc:creator>슈파슈파</dc:creator>
      <guid isPermaLink="true">https://www.ilbe.com/view/11582178558?page=5&amp;listStyle=list</guid>
      <description></description>
      <content:encoded><![CDATA[</br><img width="720px" src="https://ncache.ilbe.com/files/attach/images/img/transparent.gif"/></br>]]></content:encoded>
    </item>
    <item>
      <title>진짜 씨발틀니들은 애미가 개랑 떡쳐서 싸지른 종자들인가?</title>
      <link>https://www.ilbe.com/view/11582058055?page=5&amp;listStyle=list</link>
      <category>모두</category>
      <category>정치</category>
      <dc:creator>슈파슈파</dc:creator>
      <guid isPermaLink="true">https://www.ilbe.com/view/11582058055?page=5&amp;listStyle=list</guid>
      <description></description>
      <content:encoded><![CDATA[</br><img width="720px" src="https://ncache.ilbe.com/files/attach/images/img/transparent.gif"/></br>]]></content:encoded>
    </item>
    <item>
      <title>윤석열 파면 당하니까 문재인 부부 바로 수사하네 ㅎㅎ</title>
      <link>https://www.ilbe.com/view/11582084033?page=5&amp;listStyle=list</link>
      <category>모두</category>
      <category>정치</category>
      <dc:creator>슈파슈파</dc:creator>
      <guid isPermaLink="true">https://www.ilbe.com/view/11582084033?page=5&amp;listStyle=list</guid>
      <description></description>
      <content:encoded><![CDATA[</br><img width="720px" src="https://ncache.ilbe.com/files/attach/images/img/transparent.gif"/></br>]]></content:encoded>
    </item>
    <item>
      <title>유엔 국제선거감시단을 요청하자</title>
      <link>https://www.ilbe.com/view/11582035586?page=5&amp;listStyle=list</link>
      <category>모두</category>
      <category>정치</category>
      <dc:creator>슈파슈파</dc:creator>
      <guid isPermaLink="true">https://www.ilbe.com/view/11582035586?page=5&amp;listStyle=list</guid>
      <description></description>
      <content:encoded></content:encoded>
    </item>
    <item>
      <title>■ 공지사항 ■ [ ​​​​​​​정치게시판에서는 추천을 누른 유저도 포인트가 올라갑니다. ]</title>
      <link>https://www.ilbe.com/view/11496359010</link>
      <category>모두</category>
      <category>정치</category>
      <dc:creator>슈파슈파</dc:creator>
      <guid isPermaLink="true">https://www.ilbe.com/view/11496359010-124</guid>
      <description></description>
      <content:encoded></content:encoded>
    </item>
    <item>
      <title>김문수가 촉새 ㅋㅋ한동훈이 이겨서 다행이다 ㅋㅋ이것부터 업적이다 이기야</title>
      <link>https://www.ilbe.com/view/11582036329?page=6&amp;listStyle=list</link>
      <category>모두</category>
      <category>정치</category>
      <dc:creator>슈파슈파</dc:creator>
      <guid isPermaLink="true">https://www.ilbe.com/view/11582036329?page=6&amp;listStyle=list</guid>
      <description></description>
      <content:encoded></content:encoded>
    </item>
    <item>
      <title>몽골병신들이 모두 짱깨로 모는 이유</title>
      <link>https://www.ilbe.com/view/11582058239?page=6&amp;listStyle=list</link>
      <category>모두</category>
      <category>정치</category>
      <dc:creator>슈파슈파</dc:creator>
      <guid isPermaLink="true">https://www.ilbe.com/view/11582058239?page=6&amp;listStyle=list</guid>
      <description></description>
      <content:encoded><![CDATA[</br><img width="720px" src="https://ncache.ilbe.com/files/attach/images/img/transparent.gif"/></br>]]></content:encoded>
    </item>
    <item>
      <title>SK텔레콤의  위기...  23만명이  통신사를  이동하였다</title>
      <link>https://www.ilbe.com/view/11581969783?page=6&amp;listStyle=list</link>
      <category>모두</category>
      <category>정치</category>
      <dc:creator>슈파슈파</dc:creator>
      <guid isPermaLink="true">https://www.ilbe.com/view/11581969783?page=6&amp;listStyle=list</guid>
      <description></description>
      <content:encoded></content:encoded>
    </item>
    <item>
      <title>SKT 해킹사고의  핵심 시나리오 ~~ㄷㄷㄷ</title>
      <link>https://www.ilbe.com/view/11582086650?page=6&amp;listStyle=list</link>
      <category>모두</category>
      <category>정치</category>
      <dc:creator>슈파슈파</dc:creator>
      <guid isPermaLink="true">https://www.ilbe.com/view/11582086650?page=6&amp;listStyle=list</guid>
      <description></description>
      <content:encoded><![CDATA[</br><img width="720px" src="https://ncache.ilbe.com/files/attach/images/img/transparent.gif"/></br>]]></content:encoded>
    </item>
    <item>
      <title>[뉴스데일리베스트] 김문수 후보수락 연설 - 사전투표제도를 폐지하겠습니다!!!</title>
      <link>https://www.ilbe.com/view/11582029155?page=6&amp;listStyle=list</link>
      <category>모두</category>
      <category>정치</category>
      <dc:creator>슈파슈파</dc:creator>
      <guid isPermaLink="true">https://www.ilbe.com/view/11582029155?page=6&amp;listStyle=list</guid>
      <description></description>
      <content:encoded></content:encoded>
    </item>
    <item>
      <title>김문수면 한덕수 자동 확정이네</title>
      <link>https://www.ilbe.com/view/11582007053?page=6&amp;listStyle=list</link>
      <category>모두</category>
      <category>정치</category>
      <dc:creator>슈파슈파</dc:creator>
      <guid isPermaLink="true">https://www.ilbe.com/view/11582007053?page=6&amp;listStyle=list</guid>
      <description></description>
      <content:encoded></content:encoded>
    </item>
    <item>
      <title>김문수 까는애들 죄다 화짱조다</title>
      <link>https://www.ilbe.com/view/11582045945?page=6&amp;listStyle=list</link>
      <category>모두</category>
      <category>정치</category>
      <dc:creator>슈파슈파</dc:creator>
      <guid isPermaLink="true">https://www.ilbe.com/view/11582045945?page=6&amp;listStyle=list</guid>
      <description></description>
      <content:encoded></content:encoded>
    </item>
    <item>
      <title>지혜의 시대: 사랑과 평화, 고대 지혜, 요약</title>
      <link>https://www.ilbe.com/view/11581913884?page=6&amp;listStyle=list</link>
      <category>모두</category>
      <category>정치</category>
      <dc:creator>슈파슈파</dc:creator>
      <guid isPermaLink="true">https://www.ilbe.com/view/11581913884?page=6&amp;listStyle=list</guid>
      <description></description>
      <content:encoded><![CDATA[</br><img width="720px" src="https://i0.wp.com/operationdisclosureofficial.com/wp-content/uploads/2025/05/Your-destiny-is-the-past.jpg?resize=696%2C464&ssl=1" alt="지혜의 시대: 사랑과 평화, 고대 지혜, 요약"/></br>]]></content:encoded>
      <enclosure url="https://i0.wp.com/operationdisclosureofficial.com/wp-content/uploads/2025/05/Your-destiny-is-the-past.jpg?resize=696%2C464&amp;ssl=1" type="image/jpeg" length="0"/>
      <wp:postmeta>
        <meta_key>_thumbnail_id</meta_key>
        <meta_value>https://i0.wp.com/operationdisclosureofficial.com/wp-content/uploads/2025/05/Your-destiny-is-the-past.jpg?resize=696%2C464&amp;ssl=1</meta_value>
      </wp:postmeta>
    </item>
    <item>
      <title>[속보] 오늘자 한덕수 첫 행보 떴다 ㅋㅋㅋㅋㅋㅋㅋㅋㅋㅋㅋ</title>
      <link>https://www.ilbe.com/view/11581853214?page=6&amp;listStyle=list</link>
      <category>모두</category>
      <category>정치</category>
      <dc:creator>슈파슈파</dc:creator>
      <guid isPermaLink="true">https://www.ilbe.com/view/11581853214?page=6&amp;listStyle=list</guid>
      <description></description>
      <content:encoded><![CDATA[</br><img width="720px" src="https://ncache.ilbe.com/files/attach/images/img/transparent.gif"/></br></br><img width="720px" src="https://ncache.ilbe.com/files/attach/images/img/transparent.gif"/></br>]]></content:encoded>
    </item>
    <item>
      <title>(19) 2030 남자들이 김문수 절대 안 뽑는 이유</title>
      <link>https://www.ilbe.com/view/11582038134?page=6&amp;listStyle=list</link>
      <category>모두</category>
      <category>정치</category>
      <dc:creator>슈파슈파</dc:creator>
      <guid isPermaLink="true">https://www.ilbe.com/view/11582038134?page=6&amp;listStyle=list</guid>
      <description></description>
      <content:encoded><![CDATA[</br><img width="720px" src="https://ncache.ilbe.com/files/attach/images/img/transparent.gif"/></br>]]></content:encoded>
    </item>
    <item>
      <title>[속보] 황교안 출마 가능해졌다!!! ㅜㅜ</title>
      <link>https://www.ilbe.com/view/11581995633?page=6&amp;listStyle=list</link>
      <category>모두</category>
      <category>정치</category>
      <dc:creator>슈파슈파</dc:creator>
      <guid isPermaLink="true">https://www.ilbe.com/view/11581995633?page=6&amp;listStyle=list</guid>
      <description></description>
      <content:encoded><![CDATA[</br><img width="720px" src="https://ncache.ilbe.com/files/attach/images/img/transparent.gif"/></br>]]></content:encoded>
    </item>
    <item>
      <title>응 또 탄핵시켜봐 병신아 ㅋㅋㅋㅋㅋㅋㅋㅋㅋㅋㅋㅋㅋ</title>
      <link>https://www.ilbe.com/view/11581986633?page=6&amp;listStyle=list</link>
      <category>모두</category>
      <category>정치</category>
      <dc:creator>슈파슈파</dc:creator>
      <guid isPermaLink="true">https://www.ilbe.com/view/11581986633?page=6&amp;listStyle=list</guid>
      <description></description>
      <content:encoded><![CDATA[</br><img width="720px" src="https://ncache.ilbe.com/files/attach/images/img/transparent.gif"/></br>]]></content:encoded>
    </item>
    <item>
      <title>속보) 민주, 대통령 당선시 형사재판 중지 법안 강행</title>
      <link>https://www.ilbe.com/view/11581825315?page=6&amp;listStyle=list</link>
      <category>모두</category>
      <category>정치</category>
      <dc:creator>슈파슈파</dc:creator>
      <guid isPermaLink="true">https://www.ilbe.com/view/11581825315?page=6&amp;listStyle=list</guid>
      <description></description>
      <content:encoded><![CDATA[</br><img width="720px" src="https://ncache.ilbe.com/files/attach/images/img/transparent.gif"/></br>]]></content:encoded>
    </item>
    <item>
      <title>윤석열 3년만에 완전한 보수궤멸</title>
      <link>https://www.ilbe.com/view/11581769606?page=6&amp;listStyle=list</link>
      <category>모두</category>
      <category>정치</category>
      <dc:creator>슈파슈파</dc:creator>
      <guid isPermaLink="true">https://www.ilbe.com/view/11581769606?page=6&amp;listStyle=list</guid>
      <description></description>
      <content:encoded><![CDATA[</br><img width="720px" src="https://ncache.ilbe.com/files/attach/images/img/transparent.gif"/></br>]]></content:encoded>
    </item>
    <item>
      <title>황교안 큰일낫다 출마 안된다고한다</title>
      <link>https://www.ilbe.com/view/11581844018?page=6&amp;listStyle=list</link>
      <category>모두</category>
      <category>정치</category>
      <dc:creator>슈파슈파</dc:creator>
      <guid isPermaLink="true">https://www.ilbe.com/view/11581844018?page=6&amp;listStyle=list</guid>
      <description></description>
      <content:encoded><![CDATA[</br><img width="720px" src="https://ncache.ilbe.com/files/attach/images/img/transparent.gif"/></br>]]></content:encoded>
    </item>
    <item>
      <title>윤석열은 그냥 ㅂㅅ이였던거지???</title>
      <link>https://www.ilbe.com/view/11581754617?page=6&amp;listStyle=list</link>
      <category>모두</category>
      <category>정치</category>
      <dc:creator>슈파슈파</dc:creator>
      <guid isPermaLink="true">https://www.ilbe.com/view/11581754617?page=6&amp;listStyle=list</guid>
      <description></description>
      <content:encoded></content:encoded>
    </item>
    <item>
      <title>이 병신때문에 이재명이 살아난거다 ㅋㅋ</title>
      <link>https://www.ilbe.com/view/11581714069?page=6&amp;listStyle=list</link>
      <category>모두</category>
      <category>정치</category>
      <dc:creator>슈파슈파</dc:creator>
      <guid isPermaLink="true">https://www.ilbe.com/view/11581714069?page=6&amp;listStyle=list</guid>
      <description></description>
      <content:encoded><![CDATA[</br><img width="720px" src="https://ncache.ilbe.com/files/attach/images/img/transparent.gif"/></br>]]></content:encoded>
    </item>
    <item>
      <title>선관위, 부정선거, 대놓고 강행할 듯</title>
      <link>https://www.ilbe.com/view/11581665405?page=6&amp;listStyle=list</link>
      <category>모두</category>
      <category>정치</category>
      <dc:creator>슈파슈파</dc:creator>
      <guid isPermaLink="true">https://www.ilbe.com/view/11581665405?page=6&amp;listStyle=list</guid>
      <description></description>
      <content:encoded></content:encoded>
    </item>
    <item>
      <title>두창이 때문에 너무 많은 사람이 피해를 봤다</title>
      <link>https://www.ilbe.com/view/11581628851?page=6&amp;listStyle=list</link>
      <category>모두</category>
      <category>정치</category>
      <dc:creator>슈파슈파</dc:creator>
      <guid isPermaLink="true">https://www.ilbe.com/view/11581628851?page=6&amp;listStyle=list</guid>
      <description></description>
      <content:encoded><![CDATA[</br><img width="720px" src="https://ncache.ilbe.com/files/attach/images/img/transparent.gif"/></br>]]></content:encoded>
    </item>
    <item>
      <title>홍준표 빡치는거  당연하지</title>
      <link>https://www.ilbe.com/view/11581675311?page=6&amp;listStyle=list</link>
      <category>모두</category>
      <category>정치</category>
      <dc:creator>슈파슈파</dc:creator>
      <guid isPermaLink="true">https://www.ilbe.com/view/11581675311?page=6&amp;listStyle=list</guid>
      <description></description>
      <content:encoded></content:encoded>
    </item>
    <item>
      <title>턱을 앞으로 내미는 사람은 피해라</title>
      <link>https://www.ilbe.com/view/11581667364?page=6&amp;listStyle=list</link>
      <category>모두</category>
      <category>정치</category>
      <dc:creator>슈파슈파</dc:creator>
      <guid isPermaLink="true">https://www.ilbe.com/view/11581667364?page=6&amp;listStyle=list</guid>
      <description></description>
      <content:encoded><![CDATA[</br><img width="720px" src="https://ncache.ilbe.com/files/attach/images/img/transparent.gif"/></br></br><img width="720px" src="https://ncache.ilbe.com/files/attach/images/img/transparent.gif"/></br>]]></content:encoded>
    </item>
    <item>
      <title>윤석열 존나 괘씸한 이유 fact</title>
      <link>https://www.ilbe.com/view/11581641657?page=6&amp;listStyle=list</link>
      <category>모두</category>
      <category>정치</category>
      <dc:creator>슈파슈파</dc:creator>
      <guid isPermaLink="true">https://www.ilbe.com/view/11581641657?page=6&amp;listStyle=list</guid>
      <description></description>
      <content:encoded><![CDATA[</br><img width="720px" src="https://ncache.ilbe.com/files/attach/images/img/transparent.gif"/></br>]]></content:encoded>
    </item>
    <item>
      <title>김건희 집안운영 요양원, 노인학대 논란 ㅋㅋㅋㅋㅋㅋㅋㅋㅋㅋ</title>
      <link>https://www.ilbe.com/view/11581632784?page=6&amp;listStyle=list</link>
      <category>모두</category>
      <category>정치</category>
      <dc:creator>슈파슈파</dc:creator>
      <guid isPermaLink="true">https://www.ilbe.com/view/11581632784?page=6&amp;listStyle=list</guid>
      <description></description>
      <content:encoded><![CDATA[</br><img width="720px" src="https://ncache.ilbe.com/files/attach/images/img/transparent.gif"/></br>]]></content:encoded>
    </item>
    <item>
      <title>윤석열 병신새끼 압수수색ㅋㅋㅋㅋㅋㄲㅋ</title>
      <link>https://www.ilbe.com/view/11581577224?page=6&amp;listStyle=list</link>
      <category>모두</category>
      <category>정치</category>
      <dc:creator>슈파슈파</dc:creator>
      <guid isPermaLink="true">https://www.ilbe.com/view/11581577224?page=6&amp;listStyle=list</guid>
      <description></description>
      <content:encoded><![CDATA[</br><img width="720px" src="https://ncache.ilbe.com/files/attach/images/img/transparent.gif"/></br>]]></content:encoded>
    </item>
    <item>
      <title>이재명에게 경고한다.</title>
      <link>https://www.ilbe.com/view/11581520570?page=6&amp;listStyle=list</link>
      <category>모두</category>
      <category>정치</category>
      <dc:creator>슈파슈파</dc:creator>
      <guid isPermaLink="true">https://www.ilbe.com/view/11581520570?page=6&amp;listStyle=list</guid>
      <description></description>
      <content:encoded></content:encoded>
    </item>
    <item>
      <title>이재명이 대통령 되면 일베출신 대통령이 생기는거다</title>
      <link>https://www.ilbe.com/view/11581421515?page=6&amp;listStyle=list</link>
      <category>모두</category>
      <category>정치</category>
      <dc:creator>슈파슈파</dc:creator>
      <guid isPermaLink="true">https://www.ilbe.com/view/11581421515?page=6&amp;listStyle=list</guid>
      <description></description>
      <content:encoded><![CDATA[</br><img width="720px" src="https://ncache.ilbe.com/files/attach/cmt/20250428/4806114/11547851675/11581419889/65a4d08a4b31f8c119b5903efa77a752_11581419888.webp"/></br>]]></content:encoded>
      <enclosure url="https://ncache.ilbe.com/files/attach/cmt/20250428/4806114/11547851675/11581419889/65a4d08a4b31f8c119b5903efa77a752_11581419888.webp" type="image/jpeg" length="0"/>
      <wp:postmeta>
        <meta_key>_thumbnail_id</meta_key>
        <meta_value>https://ncache.ilbe.com/files/attach/cmt/20250428/4806114/11547851675/11581419889/65a4d08a4b31f8c119b5903efa77a752_11581419888.webp</meta_value>
      </wp:postmeta>
    </item>
    <item>
      <title>대법원 생중계  무죄확정이네 ㅋㅋ</title>
      <link>https://www.ilbe.com/view/11581587011?page=6&amp;listStyle=list</link>
      <category>모두</category>
      <category>정치</category>
      <dc:creator>슈파슈파</dc:creator>
      <guid isPermaLink="true">https://www.ilbe.com/view/11581587011?page=6&amp;listStyle=list</guid>
      <description></description>
      <content:encoded><![CDATA[</br><img width="720px" src="https://ncache.ilbe.com/files/attach/images/img/transparent.gif"/></br></br><img width="720px" src="https://ncache.ilbe.com/files/attach/images/img/transparent.gif"/></br>]]></content:encoded>
    </item>
    <item>
      <title>이제봉 교수 " 국힘당은 당명을 조작의 힘으로 바꿔라"</title>
      <link>https://www.ilbe.com/view/11581543007?page=6&amp;listStyle=list</link>
      <category>모두</category>
      <category>정치</category>
      <dc:creator>슈파슈파</dc:creator>
      <guid isPermaLink="true">https://www.ilbe.com/view/11581543007?page=6&amp;listStyle=list</guid>
      <description></description>
      <content:encoded></content:encoded>
    </item>
    <item>
      <title>내일 2시</title>
      <link>https://www.ilbe.com/view/11581516495?page=6&amp;listStyle=list</link>
      <category>모두</category>
      <category>정치</category>
      <dc:creator>슈파슈파</dc:creator>
      <guid isPermaLink="true">https://www.ilbe.com/view/11581516495?page=6&amp;listStyle=list</guid>
      <description></description>
      <content:encoded><![CDATA[</br><img width="720px" src="https://ncache.ilbe.com/files/attach/images/img/transparent.gif"/></br>]]></content:encoded>
    </item>
    <item>
      <title>윤 석열 대통령이 다 이루었다고 한 말이 무슨 뜻인줄 알면 이재명 한동훈 이 준석 판사들 오줌 쌀 듯.</title>
      <link>https://www.ilbe.com/view/11581453723?page=6&amp;listStyle=list</link>
      <category>모두</category>
      <category>정치</category>
      <dc:creator>슈파슈파</dc:creator>
      <guid isPermaLink="true">https://www.ilbe.com/view/11581453723?page=6&amp;listStyle=list</guid>
      <description></description>
      <content:encoded></content:encoded>
    </item>
  </channel>
</rss>
